src,tic_id,toi_id,Disposition,RA,Dec,Tmag,Tmag Err,Epoc,Epoc Err,Period,Period Err,Duration,Duration Err,Transit Depth,Transit Depth Err,Sectors
qlp,1003831,.01,0,,,,,,,,,,,,,48
qlp,1103432,.01,0,,,,,,,,,,,,,48
qlp,1129033,.01,0,,,,,,,,,,,,,48
qlp,1133072,.01,0,,,,,,,,,,,,,48
qlp,1167538,.01,0,,,,,,,,,,,,,48
qlp,1449640,.01,0,,,,,,,,,,,,,48
qlp,1528696,.01,0,,,,,,,,,,,,,48
qlp,2758565,.01,0,,,,,,,,,,,,,48
qlp,2760219,.01,0,,,,,,,,,,,,,48
qlp,2760710,.01,0,,,,,,,,,,,,,48
qlp,3027681,.01,0,,,,,,,,,,,,,48
qlp,3364732,.01,0,,,,,,,,,,,,,48
qlp,4070275,.01,0,,,,,,,,,,,,,48
qlp,4165850,.01,0,,,,,,,,,,,,,48
qlp,4294779,.01,0,,,,,,,,,,,,,48
qlp,4464022,.01,0,,,,,,,,,,,,,48
qlp,4605846,.01,0,,,,,,,,,,,,,48
qlp,4616072,.01,0,,,,,,,,,,,,,48
qlp,4646810,.01,0,,,,,,,,,,,,,48
qlp,4897275,.01,0,,,,,,,,,,,,,48
qlp,5109298,.01,0,,,,,,,,,,,,,48
qlp,5868998,.01,0,,,,,,,,,,,,,48
qlp,5882269,.01,0,,,,,,,,,,,,,48
qlp,6276559,.01,0,,,,,,,,,,,,,48
qlp,6663331,.01,0,,,,,,,,,,,,,48
qlp,6892385,.01,0,,,,,,,,,,,,,48
qlp,6893917,.01,0,,,,,,,,,,,,,48
qlp,7020254,.01,0,,,,,,,,,,,,,48
qlp,7059054,.01,0,,,,,,,,,,,,,48
qlp,7088246,.01,0,,,,,,,,,,,,,48
qlp,7413227,.01,0,,,,,,,,,,,,,48
qlp,7422496,.01,0,,,,,,,,,,,,,48
qlp,7439481,.01,0,,,,,,,,,,,,,48
qlp,7548817,.01,0,,,,,,,,,,,,,48
qlp,7561203,.01,0,,,,,,,,,,,,,48
qlp,7624182,.01,0,,,,,,,,,,,,,48
qlp,8260536,.01,0,,,,,,,,,,,,,48
qlp,8400842,.01,0,,,,,,,,,,,,,48
qlp,8516795,.01,0,,,,,,,,,,,,,48
qlp,8677530,.01,0,,,,,,,,,,,,,48
qlp,8767448,.01,0,,,,,,,,,,,,,48
qlp,8853478,.01,0,,,,,,,,,,,,,48
qlp,8967242,.01,0,,,,,,,,,,,,,48
qlp,9006668,.01,0,,,,,,,,,,,,,48
qlp,9033144,.01,0,,,,,,,,,,,,,48
qlp,9100874,.01,0,,,,,,,,,,,,,48
qlp,9155187,.01,0,,,,,,,,,,,,,48
qlp,9346507,.01,0,,,,,,,,,,,,,48
qlp,9348006,.01,0,,,,,,,,,,,,,48
qlp,9392421,.01,0,,,,,,,,,,,,,48
qlp,9725627,.01,0,,,,,,,,,,,,,48
qlp,9727392,.01,0,,,,,,,,,,,,,48
qlp,9804616,.01,0,,,,,,,,,,,,,48
qlp,9858404,.01,0,,,,,,,,,,,,,48
qlp,10837041,.01,0,,,,,,,,,,,,,48
qlp,11111899,.01,0,,,,,,,,,,,,,48
qlp,11521555,.01,0,,,,,,,,,,,,,48
qlp,11561667,.01,0,,,,,,,,,,,,,48
qlp,11996814,.01,0,,,,,,,,,,,,,48
qlp,12421862,.01,0,,,,,,,,,,,,,48
qlp,12423815,.01,0,,,,,,,,,,,,,48
qlp,12862099,.01,0,,,,,,,,,,,,,48
qlp,13021029,.01,0,,,,,,,,,,,,,48
qlp,13023378,.01,0,,,,,,,,,,,,,48
qlp,13349647,.01,0,,,,,,,,,,,,,48
qlp,13684720,.01,0,,,,,,,,,,,,,48
qlp,14091633,.01,0,,,,,,,,,,,,,48
qlp,14091704,.01,0,,,,,,,,,,,,,48
qlp,14336130,.01,0,,,,,,,,,,,,,48
qlp,14344979,.01,0,,,,,,,,,,,,,48
qlp,14570132,.01,0,,,,,,,,,,,,,48
qlp,14614418,.01,0,,,,,,,,,,,,,48
qlp,14661418,.01,0,,,,,,,,,,,,,48
qlp,14770122,.01,0,,,,,,,,,,,,,48
qlp,15247229,.01,0,,,,,,,,,,,,,48
qlp,15445551,.01,0,,,,,,,,,,,,,48
qlp,15863518,.01,0,,,,,,,,,,,,,48
qlp,16076354,.01,0,,,,,,,,,,,,,48
qlp,16288184,.01,0,,,,,,,,,,,,,48
qlp,16740101,.01,0,,,,,,,,,,,,,48
qlp,16884216,.01,0,,,,,,,,,,,,,48
qlp,17005768,.01,0,,,,,,,,,,,,,48
qlp,17150865,.01,0,,,,,,,,,,,,,48
qlp,17746821,.01,0,,,,,,,,,,,,,48
qlp,17993892,.01,0,,,,,,,,,,,,,48
qlp,18017227,.01,0,,,,,,,,,,,,,48
qlp,18373995,.01,0,,,,,,,,,,,,,48
qlp,19025965,.01,0,,,,,,,,,,,,,48
qlp,19028197,.01,0,,,,,,,,,,,,,48
qlp,19451711,.01,0,,,,,,,,,,,,,48
qlp,19519368,.01,0,,,,,,,,,,,,,48
qlp,19684256,.01,0,,,,,,,,,,,,,48
qlp,20096620,.01,0,,,,,,,,,,,,,48
qlp,20178111,.01,0,,,,,,,,,,,,,48
qlp,20182165,.01,0,,,,,,,,,,,,,48
qlp,20299658,.01,0,,,,,,,,,,,,,48
qlp,20318757,.01,0,,,,,,,,,,,,,48
qlp,20897611,.01,0,,,,,,,,,,,,,48
qlp,21113347,.01,0,,,,,,,,,,,,,48
qlp,21279791,.01,0,,,,,,,,,,,,,48
qlp,21535395,.01,0,,,,,,,,,,,,,48
qlp,21744120,.01,0,,,,,,,,,,,,,48
qlp,21755546,.01,0,,,,,,,,,,,,,48
qlp,21832928,.01,0,,,,,,,,,,,,,48
qlp,22186226,.01,0,,,,,,,,,,,,,48
qlp,22221375,.01,0,,,,,,,,,,,,,48
qlp,22233480,.01,0,,,,,,,,,,,,,48
qlp,22529346,.01,0,,,,,,,,,,,,,48
qlp,22683951,.01,0,,,,,,,,,,,,,48
qlp,22843856,.01,0,,,,,,,,,,,,,48
qlp,23059280,.01,0,,,,,,,,,,,,,48
qlp,23229805,.01,0,,,,,,,,,,,,,48
qlp,23389848,.01,0,,,,,,,,,,,,,48
qlp,23650642,.01,0,,,,,,,,,,,,,48
qlp,23982469,.01,0,,,,,,,,,,,,,48
qlp,24358417,.01,0,,,,,,,,,,,,,48
qlp,24695044,.01,0,,,,,,,,,,,,,48
qlp,25139786,.01,0,,,,,,,,,,,,,48
qlp,25155310,.01,0,,,,,,,,,,,,,48
qlp,25375553,.01,0,,,,,,,,,,,,,48
qlp,25799609,.01,0,,,,,,,,,,,,,48
qlp,26017005,.01,0,,,,,,,,,,,,,48
qlp,26469462,.01,0,,,,,,,,,,,,,48
qlp,26547036,.01,0,,,,,,,,,,,,,48
qlp,26826078,.01,0,,,,,,,,,,,,,48
qlp,26880783,.01,0,,,,,,,,,,,,,48
qlp,27064468,.01,0,,,,,,,,,,,,,48
qlp,27194429,.01,0,,,,,,,,,,,,,48
qlp,27318774,.01,0,,,,,,,,,,,,,48
qlp,27491137,.01,0,,,,,,,,,,,,,48
qlp,27649847,.01,0,,,,,,,,,,,,,48
qlp,27769688,.01,0,,,,,,,,,,,,,48
qlp,27774415,.01,0,,,,,,,,,,,,,48
qlp,27848472,.01,0,,,,,,,,,,,,,48
qlp,27916356,.01,0,,,,,,,,,,,,,48
qlp,27966179,.01,0,,,,,,,,,,,,,48
qlp,27990610,.01,0,,,,,,,,,,,,,48
qlp,28116365,.01,0,,,,,,,,,,,,,48
qlp,28230919,.01,0,,,,,,,,,,,,,48
qlp,28873762,.01,0,,,,,,,,,,,,,48
qlp,28900646,.01,0,,,,,,,,,,,,,48
qlp,28961316,.01,0,,,,,,,,,,,,,48
qlp,29017001,.01,0,,,,,,,,,,,,,48
qlp,29105766,.01,0,,,,,,,,,,,,,48
qlp,29117085,.01,0,,,,,,,,,,,,,48
qlp,29119552,.01,0,,,,,,,,,,,,,48
qlp,29191624,.01,0,,,,,,,,,,,,,48
qlp,29344935,.01,0,,,,,,,,,,,,,48
qlp,29781292,.01,0,,,,,,,,,,,,,48
qlp,29831208,.01,0,,,,,,,,,,,,,48
qlp,29857954,.01,0,,,,,,,,,,,,,48
qlp,29918916,.01,0,,,,,,,,,,,,,48
qlp,29959760,.01,0,,,,,,,,,,,,,48
qlp,29960109,.01,0,,,,,,,,,,,,,48
qlp,29960110,.01,0,,,,,,,,,,,,,48
qlp,30122649,.01,0,,,,,,,,,,,,,48
qlp,30312676,.01,0,,,,,,,,,,,,,48
qlp,30329585,.01,0,,,,,,,,,,,,,48
qlp,30828562,.01,0,,,,,,,,,,,,,48
qlp,31268146,.01,0,,,,,,,,,,,,,48
qlp,31374837,.01,0,,,,,,,,,,,,,48
qlp,31515092,.01,0,,,,,,,,,,,,,48
qlp,31553893,.01,0,,,,,,,,,,,,,48
qlp,31637479,.01,0,,,,,,,,,,,,,48
qlp,31858843,.01,0,,,,,,,,,,,,,48
qlp,31858844,.01,0,,,,,,,,,,,,,48
qlp,32090583,.01,0,,,,,,,,,,,,,48
qlp,32283946,.01,0,,,,,,,,,,,,,48
qlp,32460142,.01,0,,,,,,,,,,,,,48
qlp,32487566,.01,0,,,,,,,,,,,,,48
qlp,32497972,.01,0,,,,,,,,,,,,,48
qlp,32499655,.01,0,,,,,,,,,,,,,48
qlp,32830028,.01,0,,,,,,,,,,,,,48
qlp,32949762,.01,0,,,,,,,,,,,,,48
qlp,33091590,.01,0,,,,,,,,,,,,,48
qlp,33091633,.01,0,,,,,,,,,,,,,48
qlp,33153766,.01,0,,,,,,,,,,,,,48
qlp,33350443,.01,0,,,,,,,,,,,,,48
qlp,33521996,.01,0,,,,,,,,,,,,,48
qlp,33692729,.01,0,,,,,,,,,,,,,48
qlp,34068865,.01,0,,,,,,,,,,,,,48
qlp,34077285,.01,0,,,,,,,,,,,,,48
qlp,34551972,.01,0,,,,,,,,,,,,,48
qlp,34646336,.01,0,,,,,,,,,,,,,48
qlp,35009898,.01,0,,,,,,,,,,,,,48
qlp,35022727,.01,0,,,,,,,,,,,,,48
qlp,35516889,.01,0,,,,,,,,,,,,,48
qlp,35582553,.01,0,,,,,,,,,,,,,48
qlp,35857242,.01,0,,,,,,,,,,,,,48
qlp,36352297,.01,0,,,,,,,,,,,,,48
qlp,36440357,.01,0,,,,,,,,,,,,,48
qlp,36592530,.01,0,,,,,,,,,,,,,48
qlp,36724087,.01,0,,,,,,,,,,,,,48
qlp,36734222,.01,0,,,,,,,,,,,,,48
qlp,37084932,.01,0,,,,,,,,,,,,,48
qlp,37117064,.01,0,,,,,,,,,,,,,48
qlp,37168957,.01,0,,,,,,,,,,,,,48
qlp,37575651,.01,0,,,,,,,,,,,,,48
qlp,37770169,.01,0,,,,,,,,,,,,,48
qlp,38087018,.01,0,,,,,,,,,,,,,48
qlp,38161230,.01,0,,,,,,,,,,,,,48
qlp,38467100,.01,0,,,,,,,,,,,,,48
qlp,38541473,.01,0,,,,,,,,,,,,,48
qlp,38603673,.01,0,,,,,,,,,,,,,48
qlp,38680052,.01,0,,,,,,,,,,,,,48
qlp,38686737,.01,0,,,,,,,,,,,,,48
qlp,38696105,.01,0,,,,,,,,,,,,,48
qlp,38846515,.01,0,,,,,,,,,,,,,48
qlp,39018923,.01,0,,,,,,,,,,,,,48
qlp,39077574,.01,0,,,,,,,,,,,,,48
qlp,39080923,.01,0,,,,,,,,,,,,,48
qlp,39143128,.01,0,,,,,,,,,,,,,48
qlp,39200363,.01,0,,,,,,,,,,,,,48
qlp,39699648,.01,0,,,,,,,,,,,,,48
qlp,39858507,.01,0,,,,,,,,,,,,,48
qlp,39903405,.01,0,,,,,,,,,,,,,48
qlp,39926974,.01,0,,,,,,,,,,,,,48
qlp,40083958,.01,0,,,,,,,,,,,,,48
qlp,41387532,.01,0,,,,,,,,,,,,,48
qlp,42755801,.01,0,,,,,,,,,,,,,48
qlp,42821097,.01,0,,,,,,,,,,,,,48
qlp,43064903,.01,0,,,,,,,,,,,,,48
qlp,43647325,.01,0,,,,,,,,,,,,,48
qlp,44313455,.01,0,,,,,,,,,,,,,48
qlp,44631965,.01,0,,,,,,,,,,,,,48
qlp,44647437,.01,0,,,,,,,,,,,,,48
qlp,44737596,.01,0,,,,,,,,,,,,,48
qlp,44745077,.01,0,,,,,,,,,,,,,48
qlp,44792534,.01,0,,,,,,,,,,,,,48
qlp,44797824,.01,0,,,,,,,,,,,,,48
qlp,46096489,.01,0,,,,,,,,,,,,,48
qlp,46631742,.01,0,,,,,,,,,,,,,48
qlp,47094691,.01,0,,,,,,,,,,,,,48
qlp,47484268,.01,0,,,,,,,,,,,,,48
qlp,47525799,.01,0,,,,,,,,,,,,,48
qlp,47617161,.01,0,,,,,,,,,,,,,48
qlp,47911178,.01,0,,,,,,,,,,,,,48
qlp,48018596,.01,0,,,,,,,,,,,,,48
qlp,48103627,.01,0,,,,,,,,,,,,,48
qlp,48217457,.01,0,,,,,,,,,,,,,48
qlp,48476907,.01,0,,,,,,,,,,,,,48
qlp,48476908,.01,0,,,,,,,,,,,,,48
qlp,48506505,.01,0,,,,,,,,,,,,,48
qlp,49079670,.01,0,,,,,,,,,,,,,48
qlp,49428710,.01,0,,,,,,,,,,,,,48
qlp,49687222,.01,0,,,,,,,,,,,,,48
qlp,49771092,.01,0,,,,,,,,,,,,,48
qlp,49899799,.01,0,,,,,,,,,,,,,48
qlp,49967354,.01,0,,,,,,,,,,,,,48
qlp,50309953,.01,0,,,,,,,,,,,,,48
qlp,50365310,.01,0,,,,,,,,,,,,,48
qlp,50618703,.01,0,,,,,,,,,,,,,48
qlp,50712784,.01,0,,,,,,,,,,,,,48
qlp,51024887,.01,0,,,,,,,,,,,,,48
qlp,51234631,.01,0,,,,,,,,,,,,,48
qlp,51912829,.01,0,,,,,,,,,,,,,48
qlp,52041724,.01,0,,,,,,,,,,,,,48
qlp,52204645,.01,0,,,,,,,,,,,,,48
qlp,52280468,.01,0,,,,,,,,,,,,,48
qlp,52368076,.01,0,,,,,,,,,,,,,48
qlp,52548453,.01,0,,,,,,,,,,,,,48
qlp,52640302,.01,0,,,,,,,,,,,,,48
qlp,52689469,.01,0,,,,,,,,,,,,,48
qlp,53189332,.01,0,,,,,,,,,,,,,48
qlp,53287554,.01,0,,,,,,,,,,,,,48
qlp,53307409,.01,0,,,,,,,,,,,,,48
qlp,53427308,.01,0,,,,,,,,,,,,,48
qlp,53458803,.01,0,,,,,,,,,,,,,48
qlp,53593457,.01,0,,,,,,,,,,,,,48
qlp,53735810,.01,0,,,,,,,,,,,,,48
qlp,53750200,.01,0,,,,,,,,,,,,,48
qlp,54002556,.01,0,,,,,,,,,,,,,48
qlp,54044474,.01,0,,,,,,,,,,,,,48
qlp,54085154,.01,0,,,,,,,,,,,,,48
qlp,54390047,.01,0,,,,,,,,,,,,,48
qlp,54962195,.01,0,,,,,,,,,,,,,48
qlp,55092869,.01,0,,,,,,,,,,,,,48
qlp,55266835,.01,0,,,,,,,,,,,,,48
qlp,55383975,.01,0,,,,,,,,,,,,,48
qlp,55452495,.01,0,,,,,,,,,,,,,48
qlp,55650590,.01,0,,,,,,,,,,,,,48
qlp,55652896,.01,0,,,,,,,,,,,,,48
qlp,55748194,.01,0,,,,,,,,,,,,,48
qlp,56399553,.01,0,,,,,,,,,,,,,48
qlp,58472992,.01,0,,,,,,,,,,,,,48
qlp,58533991,.01,0,,,,,,,,,,,,,48
qlp,58542531,.01,0,,,,,,,,,,,,,48
qlp,59003115,.01,0,,,,,,,,,,,,,48
qlp,59128183,.01,0,,,,,,,,,,,,,48
qlp,59843967,.01,0,,,,,,,,,,,,,48
qlp,59859387,.01,0,,,,,,,,,,,,,48
qlp,60286662,.01,0,,,,,,,,,,,,,48
qlp,61098812,.01,0,,,,,,,,,,,,,48
qlp,61109252,.01,0,,,,,,,,,,,,,48
qlp,61538902,.01,0,,,,,,,,,,,,,48
qlp,61980227,.01,0,,,,,,,,,,,,,48
qlp,61988212,.01,0,,,,,,,,,,,,,48
qlp,62301521,.01,0,,,,,,,,,,,,,48
qlp,62483237,.01,0,,,,,,,,,,,,,48
qlp,63189173,.01,0,,,,,,,,,,,,,48
qlp,63211674,.01,0,,,,,,,,,,,,,48
qlp,63303499,.01,0,,,,,,,,,,,,,48
qlp,63452790,.01,0,,,,,,,,,,,,,48
qlp,63898957,.01,0,,,,,,,,,,,,,48
qlp,64071894,.01,0,,,,,,,,,,,,,48
qlp,64531556,.01,0,,,,,,,,,,,,,48
qlp,65212867,.01,0,,,,,,,,,,,,,48
qlp,65347776,.01,0,,,,,,,,,,,,,48
qlp,65412605,.01,0,,,,,,,,,,,,,48
qlp,66356824,.01,0,,,,,,,,,,,,,48
qlp,66413476,.01,0,,,,,,,,,,,,,48
qlp,66497310,.01,0,,,,,,,,,,,,,48
qlp,66561343,.01,0,,,,,,,,,,,,,48
qlp,66818296,.01,0,,,,,,,,,,,,,48
qlp,67196573,.01,0,,,,,,,,,,,,,48
qlp,67418624,.01,0,,,,,,,,,,,,,48
qlp,67630845,.01,0,,,,,,,,,,,,,48
qlp,67646988,.01,0,,,,,,,,,,,,,48
qlp,67666096,.01,0,,,,,,,,,,,,,48
qlp,67772767,.01,0,,,,,,,,,,,,,48
qlp,67782629,.01,0,,,,,,,,,,,,,48
qlp,67926921,.01,0,,,,,,,,,,,,,48
qlp,68388114,.01,0,,,,,,,,,,,,,48
qlp,68573534,.01,0,,,,,,,,,,,,,48
qlp,68577662,.01,0,,,,,,,,,,,,,48
qlp,68646526,.01,0,,,,,,,,,,,,,48
qlp,68850908,.01,0,,,,,,,,,,,,,48
qlp,69068526,.01,0,,,,,,,,,,,,,48
qlp,69679391,.01,0,,,,,,,,,,,,,48
qlp,69819610,.01,0,,,,,,,,,,,,,48
qlp,69997672,.01,0,,,,,,,,,,,,,48
qlp,70420766,.01,0,,,,,,,,,,,,,48
qlp,70440470,.01,0,,,,,,,,,,,,,48
qlp,70513361,.01,0,,,,,,,,,,,,,48
qlp,70785910,.01,0,,,,,,,,,,,,,48
qlp,70797900,.01,0,,,,,,,,,,,,,48
qlp,70887357,.01,0,,,,,,,,,,,,,48
qlp,70899085,.01,0,,,,,,,,,,,,,48
qlp,70914192,.01,0,,,,,,,,,,,,,48
qlp,71013298,.01,0,,,,,,,,,,,,,48
qlp,71134735,.01,0,,,,,,,,,,,,,48
qlp,71268730,.01,0,,,,,,,,,,,,,48
qlp,71347873,.01,0,,,,,,,,,,,,,48
qlp,71396541,.01,0,,,,,,,,,,,,,48
qlp,71431780,.01,0,,,,,,,,,,,,,48
qlp,71512186,.01,0,,,,,,,,,,,,,48
qlp,71612483,.01,0,,,,,,,,,,,,,48
qlp,72668830,.01,0,,,,,,,,,,,,,48
qlp,72985822,.01,0,,,,,,,,,,,,,48
qlp,73038411,.01,0,,,,,,,,,,,,,48
qlp,73228647,.01,0,,,,,,,,,,,,,48
qlp,73560357,.01,0,,,,,,,,,,,,,48
qlp,73649615,.01,0,,,,,,,,,,,,,48
qlp,73717937,.01,0,,,,,,,,,,,,,48
qlp,73723286,.01,0,,,,,,,,,,,,,48
qlp,74482749,.01,0,,,,,,,,,,,,,48
qlp,75262942,.01,0,,,,,,,,,,,,,48
qlp,75878355,.01,0,,,,,,,,,,,,,48
qlp,76419763,.01,0,,,,,,,,,,,,,48
qlp,76923707,.01,0,,,,,,,,,,,,,48
qlp,76989773,.01,0,,,,,,,,,,,,,48
qlp,77031413,.01,0,,,,,,,,,,,,,48
qlp,77031414,.01,0,,,,,,,,,,,,,48
qlp,77044471,.01,0,,,,,,,,,,,,,48
qlp,77156657,.01,0,,,,,,,,,,,,,48
qlp,77156829,.01,0,,,,,,,,,,,,,48
qlp,77228304,.01,0,,,,,,,,,,,,,48
qlp,77253676,.01,0,,,,,,,,,,,,,48
qlp,77437543,.01,0,,,,,,,,,,,,,48
qlp,77527511,.01,0,,,,,,,,,,,,,48
qlp,77951245,.01,0,,,,,,,,,,,,,48
qlp,78055054,.01,0,,,,,,,,,,,,,48
qlp,79292541,.01,0,,,,,,,,,,,,,48
qlp,79748331,.01,0,,,,,,,,,,,,,48
qlp,80166433,.01,0,,,,,,,,,,,,,48
qlp,80275202,.01,0,,,,,,,,,,,,,48
qlp,80567842,.01,0,,,,,,,,,,,,,48
qlp,80682484,.01,0,,,,,,,,,,,,,48
qlp,80711765,.01,0,,,,,,,,,,,,,48
qlp,81077799,.01,0,,,,,,,,,,,,,48
qlp,81212286,.01,0,,,,,,,,,,,,,48
qlp,81419525,.01,0,,,,,,,,,,,,,48
qlp,81429971,.01,0,,,,,,,,,,,,,48
qlp,82128636,.01,0,,,,,,,,,,,,,48
qlp,82362447,.01,0,,,,,,,,,,,,,48
qlp,82508808,.01,0,,,,,,,,,,,,,48
qlp,82707763,.01,0,,,,,,,,,,,,,48
qlp,83092282,.01,0,,,,,,,,,,,,,48
qlp,84339983,.01,0,,,,,,,,,,,,,48
qlp,84599716,.01,0,,,,,,,,,,,,,48
qlp,85031598,.01,0,,,,,,,,,,,,,48
qlp,85242435,.01,0,,,,,,,,,,,,,48
qlp,85266608,.01,0,,,,,,,,,,,,,48
qlp,85293053,.01,0,,,,,,,,,,,,,48
qlp,85593751,.01,0,,,,,,,,,,,,,48
qlp,86263325,.01,0,,,,,,,,,,,,,48
qlp,86273567,.01,0,,,,,,,,,,,,,48
qlp,86280613,.01,0,,,,,,,,,,,,,48
qlp,86396382,.01,0,,,,,,,,,,,,,48
qlp,86951294,.01,0,,,,,,,,,,,,,48
qlp,88385463,.01,0,,,,,,,,,,,,,48
qlp,88485645,.01,0,,,,,,,,,,,,,48
qlp,88684250,.01,0,,,,,,,,,,,,,48
qlp,88840705,.01,0,,,,,,,,,,,,,48
qlp,88863718,.01,0,,,,,,,,,,,,,48
qlp,88977253,.01,0,,,,,,,,,,,,,48
qlp,88992642,.01,0,,,,,,,,,,,,,48
qlp,88996391,.01,0,,,,,,,,,,,,,48
qlp,89020549,.01,0,,,,,,,,,,,,,48
qlp,89256802,.01,0,,,,,,,,,,,,,48
qlp,89510024,.01,0,,,,,,,,,,,,,48
qlp,89535068,.01,0,,,,,,,,,,,,,48
qlp,89544985,.01,0,,,,,,,,,,,,,48
qlp,89702406,.01,0,,,,,,,,,,,,,48
qlp,89759617,.01,0,,,,,,,,,,,,,48
qlp,90448944,.01,0,,,,,,,,,,,,,48
qlp,90504905,.01,0,,,,,,,,,,,,,48
qlp,90544017,.01,0,,,,,,,,,,,,,48
qlp,90850770,.01,0,,,,,,,,,,,,,48
qlp,90853136,.01,0,,,,,,,,,,,,,48
qlp,91251292,.01,0,,,,,,,,,,,,,48
qlp,91481801,.01,0,,,,,,,,,,,,,48
qlp,91987762,.01,0,,,,,,,,,,,,,48
qlp,92013169,.01,0,,,,,,,,,,,,,48
qlp,92226327,.01,0,,,,,,,,,,,,,48
qlp,92352620,.01,0,,,,,,,,,,,,,48
qlp,92359850,.01,0,,,,,,,,,,,,,48
qlp,92677094,.01,0,,,,,,,,,,,,,48
qlp,92783821,.01,0,,,,,,,,,,,,,48
qlp,92880568,.01,0,,,,,,,,,,,,,48
qlp,93125144,.01,0,,,,,,,,,,,,,48
qlp,93594834,.01,0,,,,,,,,,,,,,48
qlp,93963408,.01,0,,,,,,,,,,,,,48
qlp,94609570,.01,0,,,,,,,,,,,,,48
qlp,94727308,.01,0,,,,,,,,,,,,,48
qlp,94986319,.01,0,,,,,,,,,,,,,48
qlp,95129101,.01,0,,,,,,,,,,,,,48
qlp,95234976,.01,0,,,,,,,,,,,,,48
qlp,95337971,.01,0,,,,,,,,,,,,,48
qlp,95361530,.01,0,,,,,,,,,,,,,48
qlp,95660472,.01,0,,,,,,,,,,,,,48
qlp,96246348,.01,0,,,,,,,,,,,,,48
qlp,96291218,.01,0,,,,,,,,,,,,,48
qlp,97158538,.01,0,,,,,,,,,,,,,48
qlp,97409519,.01,0,,,,,,,,,,,,,48
qlp,97486178,.01,0,,,,,,,,,,,,,48
qlp,97568467,.01,0,,,,,,,,,,,,,48
qlp,97700520,.01,0,,,,,,,,,,,,,48
qlp,97735908,.01,0,,,,,,,,,,,,,48
qlp,97766057,.01,0,,,,,,,,,,,,,48
qlp,98283926,.01,0,,,,,,,,,,,,,48
qlp,98545929,.01,0,,,,,,,,,,,,,48
qlp,98669309,.01,0,,,,,,,,,,,,,48
qlp,98753307,.01,0,,,,,,,,,,,,,48
qlp,98796344,.01,0,,,,,,,,,,,,,48
qlp,98957720,.01,0,,,,,,,,,,,,,48
qlp,99097200,.01,0,,,,,,,,,,,,,48
qlp,99224131,.01,0,,,,,,,,,,,,,48
qlp,99330090,.01,0,,,,,,,,,,,,,48
qlp,99572130,.01,0,,,,,,,,,,,,,48
qlp,99834717,.01,0,,,,,,,,,,,,,48
qlp,99869022,.01,0,,,,,,,,,,,,,48
qlp,100014359,.01,0,,,,,,,,,,,,,48
qlp,100097716,.01,0,,,,,,,,,,,,,48
qlp,100099031,.01,0,,,,,,,,,,,,,48
qlp,100100827,.01,0,,,,,,,,,,,,,48
qlp,100566492,.01,0,,,,,,,,,,,,,48
qlp,100608026,.01,0,,,,,,,,,,,,,48
qlp,100757807,.01,0,,,,,,,,,,,,,48
qlp,100990000,.01,0,,,,,,,,,,,,,48
qlp,101011575,.01,0,,,,,,,,,,,,,48
qlp,101230735,.01,0,,,,,,,,,,,,,48
qlp,101395259,.01,0,,,,,,,,,,,,,48
qlp,101497191,.01,0,,,,,,,,,,,,,48
qlp,101520163,.01,0,,,,,,,,,,,,,48
qlp,101721385,.01,0,,,,,,,,,,,,,48
qlp,101948569,.01,0,,,,,,,,,,,,,48
qlp,101955023,.01,0,,,,,,,,,,,,,48
qlp,102030574,.01,0,,,,,,,,,,,,,48
qlp,102192004,.01,0,,,,,,,,,,,,,48
qlp,102195674,.01,0,,,,,,,,,,,,,48
qlp,102264230,.01,0,,,,,,,,,,,,,48
qlp,102672709,.01,0,,,,,,,,,,,,,48
qlp,102840239,.01,0,,,,,,,,,,,,,48
qlp,102848207,.01,0,,,,,,,,,,,,,48
qlp,103195323,.01,0,,,,,,,,,,,,,48
qlp,103448870,.01,0,,,,,,,,,,,,,48
qlp,103604037,.01,0,,,,,,,,,,,,,48
qlp,103633434,.01,0,,,,,,,,,,,,,48
qlp,103751498,.01,0,,,,,,,,,,,,,48
qlp,104024556,.01,0,,,,,,,,,,,,,48
qlp,105801221,.01,0,,,,,,,,,,,,,48
qlp,105840719,.01,0,,,,,,,,,,,,,48
qlp,106402532,.01,0,,,,,,,,,,,,,48
qlp,106997505,.01,0,,,,,,,,,,,,,48
qlp,107782586,.01,0,,,,,,,,,,,,,48
qlp,110428269,.01,0,,,,,,,,,,,,,48
qlp,110996418,.01,0,,,,,,,,,,,,,48
qlp,111991770,.01,0,,,,,,,,,,,,,48
qlp,112026224,.01,0,,,,,,,,,,,,,48
qlp,112395568,.01,0,,,,,,,,,,,,,48
qlp,112604564,.01,0,,,,,,,,,,,,,48
qlp,114018671,.01,0,,,,,,,,,,,,,48
qlp,114299824,.01,0,,,,,,,,,,,,,48
qlp,114749636,.01,0,,,,,,,,,,,,,48
qlp,115453244,.01,0,,,,,,,,,,,,,48
qlp,115457180,.01,0,,,,,,,,,,,,,48
qlp,115771549,.01,0,,,,,,,,,,,,,48
qlp,116156517,.01,0,,,,,,,,,,,,,48
qlp,116242971,.01,0,,,,,,,,,,,,,48
qlp,116257066,.01,0,,,,,,,,,,,,,48
qlp,116264089,.01,0,,,,,,,,,,,,,48
qlp,116483514,.01,0,,,,,,,,,,,,,48
qlp,116483734,.01,0,,,,,,,,,,,,,48
qlp,116608612,.01,0,,,,,,,,,,,,,48
qlp,117256577,.01,0,,,,,,,,,,,,,48
qlp,117275513,.01,0,,,,,,,,,,,,,48
qlp,117789567,.01,0,,,,,,,,,,,,,48
qlp,117799904,.01,0,,,,,,,,,,,,,48
qlp,117979455,.01,0,,,,,,,,,,,,,48
qlp,117979694,.01,0,,,,,,,,,,,,,48
qlp,117979897,.01,0,,,,,,,,,,,,,48
qlp,118021229,.01,0,,,,,,,,,,,,,48
qlp,118084044,.01,0,,,,,,,,,,,,,48
qlp,118327550,.01,0,,,,,,,,,,,,,48
qlp,118586896,.01,0,,,,,,,,,,,,,48
qlp,118956453,.01,0,,,,,,,,,,,,,48
qlp,119292328,.01,0,,,,,,,,,,,,,48
qlp,119584412,.01,0,,,,,,,,,,,,,48
qlp,119700084,.01,0,,,,,,,,,,,,,48
qlp,119925436,.01,0,,,,,,,,,,,,,48
qlp,120247528,.01,0,,,,,,,,,,,,,48
qlp,120269103,.01,0,,,,,,,,,,,,,48
qlp,120585579,.01,0,,,,,,,,,,,,,48
qlp,120602501,.01,0,,,,,,,,,,,,,48
qlp,120610833,.01,0,,,,,,,,,,,,,48
qlp,120757718,.01,0,,,,,,,,,,,,,48
qlp,120826158,.01,0,,,,,,,,,,,,,48
qlp,120896927,.01,0,,,,,,,,,,,,,48
qlp,120916706,.01,0,,,,,,,,,,,,,48
qlp,120960812,.01,0,,,,,,,,,,,,,48
qlp,121338379,.01,0,,,,,,,,,,,,,48
qlp,121660904,.01,0,,,,,,,,,,,,,48
qlp,121966220,.01,0,,,,,,,,,,,,,48
qlp,122220263,.01,0,,,,,,,,,,,,,48
qlp,122441491,.01,0,,,,,,,,,,,,,48
qlp,122596693,.01,0,,,,,,,,,,,,,48
qlp,122612091,.01,0,,,,,,,,,,,,,48
qlp,122613513,.01,0,,,,,,,,,,,,,48
qlp,123233041,.01,0,,,,,,,,,,,,,48
qlp,123482865,.01,0,,,,,,,,,,,,,48
qlp,123495874,.01,0,,,,,,,,,,,,,48
qlp,123664207,.01,0,,,,,,,,,,,,,48
qlp,123702439,.01,0,,,,,,,,,,,,,48
qlp,123846039,.01,0,,,,,,,,,,,,,48
qlp,123898871,.01,0,,,,,,,,,,,,,48
qlp,124573851,.01,0,,,,,,,,,,,,,48
qlp,124709665,.01,0,,,,,,,,,,,,,48
qlp,124778445,.01,0,,,,,,,,,,,,,48
qlp,125442121,.01,0,,,,,,,,,,,,,48
qlp,125552076,.01,0,,,,,,,,,,,,,48
qlp,125735470,.01,0,,,,,,,,,,,,,48
qlp,125739286,.01,0,,,,,,,,,,,,,48
qlp,125894957,.01,0,,,,,,,,,,,,,48
qlp,126325149,.01,0,,,,,,,,,,,,,48
qlp,126606859,.01,0,,,,,,,,,,,,,48
qlp,126733133,.01,0,,,,,,,,,,,,,48
qlp,126737992,.01,0,,,,,,,,,,,,,48
qlp,127315102,.01,0,,,,,,,,,,,,,48
qlp,127530399,.01,0,,,,,,,,,,,,,48
qlp,127793615,.01,0,,,,,,,,,,,,,48
qlp,128449971,.01,0,,,,,,,,,,,,,48
qlp,128463355,.01,0,,,,,,,,,,,,,48
qlp,128790976,.01,0,,,,,,,,,,,,,48
qlp,129637892,.01,0,,,,,,,,,,,,,48
qlp,129839175,.01,0,,,,,,,,,,,,,48
qlp,129979528,.01,0,,,,,,,,,,,,,48
qlp,130181866,.01,0,,,,,,,,,,,,,48
qlp,130415266,.01,0,,,,,,,,,,,,,48
qlp,131081852,.01,0,,,,,,,,,,,,,48
qlp,131419878,.01,0,,,,,,,,,,,,,48
qlp,131743355,.01,0,,,,,,,,,,,,,48
qlp,131979339,.01,0,,,,,,,,,,,,,48
qlp,133334108,.01,0,,,,,,,,,,,,,48
qlp,133654092,.01,0,,,,,,,,,,,,,48
qlp,134200185,.01,0,,,,,,,,,,,,,48
qlp,134396419,.01,0,,,,,,,,,,,,,48
qlp,134404603,.01,0,,,,,,,,,,,,,48
qlp,134471108,.01,0,,,,,,,,,,,,,48
qlp,134537478,.01,0,,,,,,,,,,,,,48
qlp,135036669,.01,0,,,,,,,,,,,,,48
qlp,135083444,.01,0,,,,,,,,,,,,,48
qlp,136274063,.01,0,,,,,,,,,,,,,48
qlp,136916387,.01,0,,,,,,,,,,,,,48
qlp,137420801,.01,0,,,,,,,,,,,,,48
qlp,137500798,.01,0,,,,,,,,,,,,,48
qlp,137881699,.01,0,,,,,,,,,,,,,48
qlp,137899948,.01,0,,,,,,,,,,,,,48
qlp,137903329,.01,0,,,,,,,,,,,,,48
qlp,137906197,.01,0,,,,,,,,,,,,,48
qlp,138017750,.01,0,,,,,,,,,,,,,48
qlp,138126035,.01,0,,,,,,,,,,,,,48
qlp,138168780,.01,0,,,,,,,,,,,,,48
qlp,138294130,.01,0,,,,,,,,,,,,,48
qlp,138359318,.01,0,,,,,,,,,,,,,48
qlp,138361973,.01,0,,,,,,,,,,,,,48
qlp,138475192,.01,0,,,,,,,,,,,,,48
qlp,138497780,.01,0,,,,,,,,,,,,,48
qlp,138588540,.01,0,,,,,,,,,,,,,48
qlp,138644215,.01,0,,,,,,,,,,,,,48
qlp,138727432,.01,0,,,,,,,,,,,,,48
qlp,138762614,.01,0,,,,,,,,,,,,,48
qlp,138819293,.01,0,,,,,,,,,,,,,48
qlp,138968089,.01,0,,,,,,,,,,,,,48
qlp,139148528,.01,0,,,,,,,,,,,,,48
qlp,139198430,.01,0,,,,,,,,,,,,,48
qlp,139251123,.01,0,,,,,,,,,,,,,48
qlp,139285832,.01,0,,,,,,,,,,,,,48
qlp,139528693,.01,0,,,,,,,,,,,,,48
qlp,139733308,.01,0,,,,,,,,,,,,,48
qlp,139771134,.01,0,,,,,,,,,,,,,48
qlp,139853601,.01,0,,,,,,,,,,,,,48
qlp,140067837,.01,0,,,,,,,,,,,,,48
qlp,140068425,.01,0,,,,,,,,,,,,,48
qlp,140691463,.01,0,,,,,,,,,,,,,48
qlp,140706664,.01,0,,,,,,,,,,,,,48
qlp,140760434,.01,0,,,,,,,,,,,,,48
qlp,140830390,.01,0,,,,,,,,,,,,,48
qlp,141205978,.01,0,,,,,,,,,,,,,48
qlp,141227133,.01,0,,,,,,,,,,,,,48
qlp,141363913,.01,0,,,,,,,,,,,,,48
qlp,141527579,.01,0,,,,,,,,,,,,,48
qlp,141608198,.01,0,,,,,,,,,,,,,48
qlp,141663464,.01,0,,,,,,,,,,,,,48
qlp,141768070,.01,0,,,,,,,,,,,,,48
qlp,141776043,.01,0,,,,,,,,,,,,,48
qlp,142087638,.01,0,,,,,,,,,,,,,48
qlp,142090065,.01,0,,,,,,,,,,,,,48
qlp,142105158,.01,0,,,,,,,,,,,,,48
qlp,142117976,.01,0,,,,,,,,,,,,,48
qlp,142276270,.01,0,,,,,,,,,,,,,48
qlp,142378043,.01,0,,,,,,,,,,,,,48
qlp,142381532,.01,0,,,,,,,,,,,,,48
qlp,142387023,.01,0,,,,,,,,,,,,,48
qlp,142394656,.01,0,,,,,,,,,,,,,48
qlp,142562395,.01,0,,,,,,,,,,,,,48
qlp,142635225,.01,0,,,,,,,,,,,,,48
qlp,142784687,.01,0,,,,,,,,,,,,,48
qlp,142868621,.01,0,,,,,,,,,,,,,48
qlp,142918609,.01,0,,,,,,,,,,,,,48
qlp,142937186,.01,0,,,,,,,,,,,,,48
qlp,143008050,.01,0,,,,,,,,,,,,,48
qlp,143022742,.01,0,,,,,,,,,,,,,48
qlp,143143769,.01,0,,,,,,,,,,,,,48
qlp,143257766,.01,0,,,,,,,,,,,,,48
qlp,143271144,.01,0,,,,,,,,,,,,,48
qlp,143350972,.01,0,,,,,,,,,,,,,48
qlp,143526444,.01,0,,,,,,,,,,,,,48
qlp,143994283,.01,0,,,,,,,,,,,,,48
qlp,144000801,.01,0,,,,,,,,,,,,,48
qlp,144043410,.01,0,,,,,,,,,,,,,48
qlp,144065872,.01,0,,,,,,,,,,,,,48
qlp,144193715,.01,0,,,,,,,,,,,,,48
qlp,144276942,.01,0,,,,,,,,,,,,,48
qlp,144297844,.01,0,,,,,,,,,,,,,48
qlp,144301273,.01,0,,,,,,,,,,,,,48
qlp,144336525,.01,0,,,,,,,,,,,,,48
qlp,144401492,.01,0,,,,,,,,,,,,,48
qlp,144440290,.01,0,,,,,,,,,,,,,48
qlp,144441148,.01,0,,,,,,,,,,,,,48
qlp,144645881,.01,0,,,,,,,,,,,,,48
qlp,144700903,.01,0,,,,,,,,,,,,,48
qlp,144956678,.01,0,,,,,,,,,,,,,48
qlp,145027461,.01,0,,,,,,,,,,,,,48
qlp,145750719,.01,0,,,,,,,,,,,,,48
qlp,145879095,.01,0,,,,,,,,,,,,,48
qlp,145982812,.01,0,,,,,,,,,,,,,48
qlp,146165619,.01,0,,,,,,,,,,,,,48
qlp,146172354,.01,0,,,,,,,,,,,,,48
qlp,146244533,.01,0,,,,,,,,,,,,,48
qlp,146282666,.01,0,,,,,,,,,,,,,48
qlp,146406806,.01,0,,,,,,,,,,,,,48
qlp,146463781,.01,0,,,,,,,,,,,,,48
qlp,146467675,.01,0,,,,,,,,,,,,,48
qlp,146520535,.01,0,,,,,,,,,,,,,48
qlp,146523262,.01,0,,,,,,,,,,,,,48
qlp,146589986,.01,0,,,,,,,,,,,,,48
qlp,146776480,.01,0,,,,,,,,,,,,,48
qlp,146846569,.01,0,,,,,,,,,,,,,48
qlp,147203645,.01,0,,,,,,,,,,,,,48
qlp,147284470,.01,0,,,,,,,,,,,,,48
qlp,147340931,.01,0,,,,,,,,,,,,,48
qlp,147425389,.01,0,,,,,,,,,,,,,48
qlp,147576037,.01,0,,,,,,,,,,,,,48
qlp,147660201,.01,0,,,,,,,,,,,,,48
qlp,147761049,.01,0,,,,,,,,,,,,,48
qlp,147890655,.01,0,,,,,,,,,,,,,48
qlp,147950620,.01,0,,,,,,,,,,,,,48
qlp,147951030,.01,0,,,,,,,,,,,,,48
qlp,147977348,.01,0,,,,,,,,,,,,,48
qlp,147994863,.01,0,,,,,,,,,,,,,48
qlp,148228019,.01,0,,,,,,,,,,,,,48
qlp,148659924,.01,0,,,,,,,,,,,,,48
qlp,148679712,.01,0,,,,,,,,,,,,,48
qlp,148782377,.01,0,,,,,,,,,,,,,48
qlp,148914726,.01,0,,,,,,,,,,,,,48
qlp,149010208,.01,0,,,,,,,,,,,,,48
qlp,149301575,.01,0,,,,,,,,,,,,,48
qlp,149496868,.01,0,,,,,,,,,,,,,48
qlp,149539158,.01,0,,,,,,,,,,,,,48
qlp,149601126,.01,0,,,,,,,,,,,,,48
qlp,149601557,.01,0,,,,,,,,,,,,,48
qlp,149603524,.01,0,,,,,,,,,,,,,48
qlp,149833117,.01,0,,,,,,,,,,,,,48
qlp,149845414,.01,0,,,,,,,,,,,,,48
qlp,149917086,.01,0,,,,,,,,,,,,,48
qlp,149918151,.01,0,,,,,,,,,,,,,48
qlp,149969625,.01,0,,,,,,,,,,,,,48
qlp,149990841,.01,0,,,,,,,,,,,,,48
qlp,149995163,.01,0,,,,,,,,,,,,,48
qlp,150030205,.01,0,,,,,,,,,,,,,48
qlp,150098860,.01,0,,,,,,,,,,,,,48
qlp,150151262,.01,0,,,,,,,,,,,,,48
qlp,150167117,.01,0,,,,,,,,,,,,,48
qlp,150271680,.01,0,,,,,,,,,,,,,48
qlp,150299840,.01,0,,,,,,,,,,,,,48
qlp,150388393,.01,0,,,,,,,,,,,,,48
qlp,150428135,.01,0,,,,,,,,,,,,,48
qlp,150430484,.01,0,,,,,,,,,,,,,48
qlp,150437346,.01,0,,,,,,,,,,,,,48
qlp,151681127,.01,0,,,,,,,,,,,,,48
qlp,151825527,.01,0,,,,,,,,,,,,,48
qlp,151959065,.01,0,,,,,,,,,,,,,48
qlp,152147232,.01,0,,,,,,,,,,,,,48
qlp,152476657,.01,0,,,,,,,,,,,,,48
qlp,152563846,.01,0,,,,,,,,,,,,,48
qlp,152852327,.01,0,,,,,,,,,,,,,48
qlp,153065527,.01,0,,,,,,,,,,,,,48
qlp,153077621,.01,0,,,,,,,,,,,,,48
qlp,153078576,.01,0,,,,,,,,,,,,,48
qlp,153651591,.01,0,,,,,,,,,,,,,48
qlp,153896150,.01,0,,,,,,,,,,,,,48
qlp,153937417,.01,0,,,,,,,,,,,,,48
qlp,153949511,.01,0,,,,,,,,,,,,,48
qlp,153951307,.01,0,,,,,,,,,,,,,48
qlp,154089169,.01,0,,,,,,,,,,,,,48
qlp,154105890,.01,0,,,,,,,,,,,,,48
qlp,154126149,.01,0,,,,,,,,,,,,,48
qlp,154181821,.01,0,,,,,,,,,,,,,48
qlp,154618248,.01,0,,,,,,,,,,,,,48
qlp,154716798,.01,0,,,,,,,,,,,,,48
qlp,154840461,.01,0,,,,,,,,,,,,,48
qlp,154867950,.01,0,,,,,,,,,,,,,48
qlp,154872375,.01,0,,,,,,,,,,,,,48
qlp,154927364,.01,0,,,,,,,,,,,,,48
qlp,155044736,.01,0,,,,,,,,,,,,,48
qlp,155114483,.01,0,,,,,,,,,,,,,48
qlp,155491828,.01,0,,,,,,,,,,,,,48
qlp,155873992,.01,0,,,,,,,,,,,,,48
qlp,155995204,.01,0,,,,,,,,,,,,,48
qlp,156002449,.01,0,,,,,,,,,,,,,48
qlp,156016136,.01,0,,,,,,,,,,,,,48
qlp,156075294,.01,0,,,,,,,,,,,,,48
qlp,156115721,.01,0,,,,,,,,,,,,,48
qlp,156215204,.01,0,,,,,,,,,,,,,48
qlp,156816238,.01,0,,,,,,,,,,,,,48
qlp,156987351,.01,0,,,,,,,,,,,,,48
qlp,156991337,.01,0,,,,,,,,,,,,,48
qlp,157266693,.01,0,,,,,,,,,,,,,48
qlp,157568289,.01,0,,,,,,,,,,,,,48
qlp,157586003,.01,0,,,,,,,,,,,,,48
qlp,157698565,.01,0,,,,,,,,,,,,,48
qlp,158002130,.01,0,,,,,,,,,,,,,48
qlp,158025009,.01,0,,,,,,,,,,,,,48
qlp,158167408,.01,0,,,,,,,,,,,,,48
qlp,158170594,.01,0,,,,,,,,,,,,,48
qlp,158241252,.01,0,,,,,,,,,,,,,48
qlp,158276040,.01,0,,,,,,,,,,,,,48
qlp,158297421,.01,0,,,,,,,,,,,,,48
qlp,158324245,.01,0,,,,,,,,,,,,,48
qlp,158388163,.01,0,,,,,,,,,,,,,48
qlp,158551257,.01,0,,,,,,,,,,,,,48
qlp,158561566,.01,0,,,,,,,,,,,,,48
qlp,158588995,.01,0,,,,,,,,,,,,,48
qlp,158623531,.01,0,,,,,,,,,,,,,48
qlp,158916431,.01,0,,,,,,,,,,,,,48
qlp,158978373,.01,0,,,,,,,,,,,,,48
qlp,159098316,.01,0,,,,,,,,,,,,,48
qlp,159107668,.01,0,,,,,,,,,,,,,48
qlp,159332859,.01,0,,,,,,,,,,,,,48
qlp,159334269,.01,0,,,,,,,,,,,,,48
qlp,159438097,.01,0,,,,,,,,,,,,,48
qlp,159510109,.01,0,,,,,,,,,,,,,48
qlp,159742538,.01,0,,,,,,,,,,,,,48
qlp,159781361,.01,0,,,,,,,,,,,,,48
qlp,159815224,.01,0,,,,,,,,,,,,,48
qlp,159951311,.01,0,,,,,,,,,,,,,48
qlp,160045097,.01,0,,,,,,,,,,,,,48
qlp,160148385,.01,0,,,,,,,,,,,,,48
qlp,160162987,.01,0,,,,,,,,,,,,,48
qlp,160268701,.01,0,,,,,,,,,,,,,48
qlp,160328683,.01,0,,,,,,,,,,,,,48
qlp,160578764,.01,0,,,,,,,,,,,,,48
qlp,160618074,.01,0,,,,,,,,,,,,,48
qlp,160708862,.01,0,,,,,,,,,,,,,48
qlp,161032923,.01,0,,,,,,,,,,,,,48
qlp,161156159,.01,0,,,,,,,,,,,,,48
qlp,161223358,.01,0,,,,,,,,,,,,,48
qlp,161477033,.01,0,,,,,,,,,,,,,48
qlp,162246865,.01,0,,,,,,,,,,,,,48
qlp,162362398,.01,0,,,,,,,,,,,,,48
qlp,162689341,.01,0,,,,,,,,,,,,,48
qlp,162695785,.01,0,,,,,,,,,,,,,48
qlp,162802770,.01,0,,,,,,,,,,,,,48
qlp,162922904,.01,0,,,,,,,,,,,,,48
qlp,164173105,.01,0,,,,,,,,,,,,,48
qlp,164767175,.01,0,,,,,,,,,,,,,48
qlp,164786087,.01,0,,,,,,,,,,,,,48
qlp,164892194,.01,0,,,,,,,,,,,,,48
qlp,165297570,.01,0,,,,,,,,,,,,,48
qlp,165317334,.01,0,,,,,,,,,,,,,48
qlp,165431806,.01,0,,,,,,,,,,,,,48
qlp,165551882,.01,0,,,,,,,,,,,,,48
qlp,165763244,.01,0,,,,,,,,,,,,,48
qlp,165827520,.01,0,,,,,,,,,,,,,48
qlp,165885558,.01,0,,,,,,,,,,,,,48
qlp,165987272,.01,0,,,,,,,,,,,,,48
qlp,165989915,.01,0,,,,,,,,,,,,,48
qlp,166053959,.01,0,,,,,,,,,,,,,48
qlp,166086403,.01,0,,,,,,,,,,,,,48
qlp,166184426,.01,0,,,,,,,,,,,,,48
qlp,166184428,.01,0,,,,,,,,,,,,,48
qlp,166648874,.01,0,,,,,,,,,,,,,48
qlp,166739520,.01,0,,,,,,,,,,,,,48
qlp,166833457,.01,0,,,,,,,,,,,,,48
qlp,166836920,.01,0,,,,,,,,,,,,,48
qlp,167031605,.01,0,,,,,,,,,,,,,48
qlp,167303382,.01,0,,,,,,,,,,,,,48
qlp,167415965,.01,0,,,,,,,,,,,,,48
qlp,167418898,.01,0,,,,,,,,,,,,,48
qlp,167418903,.01,0,,,,,,,,,,,,,48
qlp,167714792,.01,0,,,,,,,,,,,,,48
qlp,167754523,.01,0,,,,,,,,,,,,,48
qlp,168699373,.01,0,,,,,,,,,,,,,48
qlp,168871868,.01,0,,,,,,,,,,,,,48
qlp,169226822,.01,0,,,,,,,,,,,,,48
qlp,169249234,.01,0,,,,,,,,,,,,,48
qlp,169461816,.01,0,,,,,,,,,,,,,48
qlp,169532369,.01,0,,,,,,,,,,,,,48
qlp,169765334,.01,0,,,,,,,,,,,,,48
qlp,169904935,.01,0,,,,,,,,,,,,,48
qlp,169958952,.01,0,,,,,,,,,,,,,48
qlp,170102285,.01,0,,,,,,,,,,,,,48
qlp,170634116,.01,0,,,,,,,,,,,,,48
qlp,170789802,.01,0,,,,,,,,,,,,,48
qlp,170849515,.01,0,,,,,,,,,,,,,48
qlp,170889511,.01,0,,,,,,,,,,,,,48
qlp,171160243,.01,0,,,,,,,,,,,,,48
qlp,171160885,.01,0,,,,,,,,,,,,,48
qlp,172110606,.01,0,,,,,,,,,,,,,48
qlp,172193428,.01,0,,,,,,,,,,,,,48
qlp,172370679,.01,0,,,,,,,,,,,,,48
qlp,172464366,.01,0,,,,,,,,,,,,,48
qlp,172518755,.01,0,,,,,,,,,,,,,48
qlp,172598832,.01,0,,,,,,,,,,,,,48
qlp,173103335,.01,0,,,,,,,,,,,,,48
qlp,173612049,.01,0,,,,,,,,,,,,,48
qlp,173640199,.01,0,,,,,,,,,,,,,48
qlp,174302697,.01,0,,,,,,,,,,,,,48
qlp,174599051,.01,0,,,,,,,,,,,,,48
qlp,175176327,.01,0,,,,,,,,,,,,,48
qlp,175193677,.01,0,,,,,,,,,,,,,48
qlp,175310067,.01,0,,,,,,,,,,,,,48
qlp,175477257,.01,0,,,,,,,,,,,,,48
qlp,175482273,.01,0,,,,,,,,,,,,,48
qlp,175532955,.01,0,,,,,,,,,,,,,48
qlp,176220787,.01,0,,,,,,,,,,,,,48
qlp,176685457,.01,0,,,,,,,,,,,,,48
qlp,176772671,.01,0,,,,,,,,,,,,,48
qlp,176778112,.01,0,,,,,,,,,,,,,48
qlp,176796997,.01,0,,,,,,,,,,,,,48
qlp,176831592,.01,0,,,,,,,,,,,,,48
qlp,176860064,.01,0,,,,,,,,,,,,,48
qlp,176956893,.01,0,,,,,,,,,,,,,48
qlp,176957796,.01,0,,,,,,,,,,,,,48
qlp,176984236,.01,0,,,,,,,,,,,,,48
qlp,177126182,.01,0,,,,,,,,,,,,,48
qlp,177162886,.01,0,,,,,,,,,,,,,48
qlp,177308364,.01,0,,,,,,,,,,,,,48
qlp,177722855,.01,0,,,,,,,,,,,,,48
qlp,178155732,.01,0,,,,,,,,,,,,,48
qlp,178217113,.01,0,,,,,,,,,,,,,48
qlp,178284730,.01,0,,,,,,,,,,,,,48
qlp,178289267,.01,0,,,,,,,,,,,,,48
qlp,178367144,.01,0,,,,,,,,,,,,,48
qlp,178709444,.01,0,,,,,,,,,,,,,48
qlp,178819686,.01,0,,,,,,,,,,,,,48
qlp,178879588,.01,0,,,,,,,,,,,,,48
qlp,179034327,.01,0,,,,,,,,,,,,,48
qlp,179155220,.01,0,,,,,,,,,,,,,48
qlp,179317684,.01,0,,,,,,,,,,,,,48
qlp,179319057,.01,0,,,,,,,,,,,,,48
qlp,179582003,.01,0,,,,,,,,,,,,,48
qlp,180145006,.01,0,,,,,,,,,,,,,48
qlp,180285396,.01,0,,,,,,,,,,,,,48
qlp,180695581,.01,0,,,,,,,,,,,,,48
qlp,180987952,.01,0,,,,,,,,,,,,,48
qlp,180991313,.01,0,,,,,,,,,,,,,48
qlp,181159386,.01,0,,,,,,,,,,,,,48
qlp,181304295,.01,0,,,,,,,,,,,,,48
qlp,181804752,.01,0,,,,,,,,,,,,,48
qlp,182943944,.01,0,,,,,,,,,,,,,48
qlp,183120439,.01,0,,,,,,,,,,,,,48
qlp,183532609,.01,0,,,,,,,,,,,,,48
qlp,183537452,.01,0,,,,,,,,,,,,,48
qlp,183593642,.01,0,,,,,,,,,,,,,48
qlp,183675732,.01,0,,,,,,,,,,,,,48
qlp,183979262,.01,0,,,,,,,,,,,,,48
qlp,183985250,.01,0,,,,,,,,,,,,,48
qlp,184240683,.01,0,,,,,,,,,,,,,48
qlp,184468386,.01,0,,,,,,,,,,,,,48
qlp,184679932,.01,0,,,,,,,,,,,,,48
qlp,184892124,.01,0,,,,,,,,,,,,,48
qlp,184952758,.01,0,,,,,,,,,,,,,48
qlp,186000935,.01,0,,,,,,,,,,,,,48
qlp,186547153,.01,0,,,,,,,,,,,,,48
qlp,186599508,.01,0,,,,,,,,,,,,,48
qlp,186812530,.01,0,,,,,,,,,,,,,48
qlp,188570092,.01,0,,,,,,,,,,,,,48
qlp,188589164,.01,0,,,,,,,,,,,,,48
qlp,188593930,.01,0,,,,,,,,,,,,,48
qlp,188768068,.01,0,,,,,,,,,,,,,48
qlp,188989177,.01,0,,,,,,,,,,,,,48
qlp,189625051,.01,0,,,,,,,,,,,,,48
qlp,190271688,.01,0,,,,,,,,,,,,,48
qlp,190496853,.01,0,,,,,,,,,,,,,48
qlp,190990336,.01,0,,,,,,,,,,,,,48
qlp,190998418,.01,0,,,,,,,,,,,,,48
qlp,191284318,.01,0,,,,,,,,,,,,,48
qlp,191928543,.01,0,,,,,,,,,,,,,48
qlp,192790476,.01,0,,,,,,,,,,,,,48
qlp,192826603,.01,0,,,,,,,,,,,,,48
qlp,193413306,.01,0,,,,,,,,,,,,,48
qlp,193641523,.01,0,,,,,,,,,,,,,48
qlp,193754373,.01,0,,,,,,,,,,,,,48
qlp,196286587,.01,0,,,,,,,,,,,,,48
qlp,197959526,.01,0,,,,,,,,,,,,,48
qlp,198008005,.01,0,,,,,,,,,,,,,48
qlp,198077394,.01,0,,,,,,,,,,,,,48
qlp,198108326,.01,0,,,,,,,,,,,,,48
qlp,198153540,.01,0,,,,,,,,,,,,,48
qlp,198186769,.01,0,,,,,,,,,,,,,48
qlp,198187049,.01,0,,,,,,,,,,,,,48
qlp,198189972,.01,0,,,,,,,,,,,,,48
qlp,198212955,.01,0,,,,,,,,,,,,,48
qlp,198213332,.01,0,,,,,,,,,,,,,48
qlp,198241702,.01,0,,,,,,,,,,,,,48
qlp,198385543,.01,0,,,,,,,,,,,,,48
qlp,198390247,.01,0,,,,,,,,,,,,,48
qlp,198485881,.01,0,,,,,,,,,,,,,48
qlp,198588220,.01,0,,,,,,,,,,,,,48
qlp,198610218,.01,0,,,,,,,,,,,,,48
qlp,199376584,.01,0,,,,,,,,,,,,,48
qlp,199444169,.01,0,,,,,,,,,,,,,48
qlp,199688472,.01,0,,,,,,,,,,,,,48
qlp,199731190,.01,0,,,,,,,,,,,,,48
qlp,200322593,.01,0,,,,,,,,,,,,,48
qlp,200593988,.01,0,,,,,,,,,,,,,48
qlp,200723869,.01,0,,,,,,,,,,,,,48
qlp,201177276,.01,0,,,,,,,,,,,,,48
qlp,201186294,.01,0,,,,,,,,,,,,,48
qlp,201233610,.01,0,,,,,,,,,,,,,48
qlp,201248411,.01,0,,,,,,,,,,,,,48
qlp,201508515,.01,0,,,,,,,,,,,,,48
qlp,201604954,.01,0,,,,,,,,,,,,,48
qlp,201642601,.01,0,,,,,,,,,,,,,48
qlp,201793781,.01,0,,,,,,,,,,,,,48
qlp,202185707,.01,0,,,,,,,,,,,,,48
qlp,202425357,.01,0,,,,,,,,,,,,,48
qlp,202504234,.01,0,,,,,,,,,,,,,48
qlp,202563254,.01,0,,,,,,,,,,,,,48
qlp,203189770,.01,0,,,,,,,,,,,,,48
qlp,203214081,.01,0,,,,,,,,,,,,,48
qlp,203214138,.01,0,,,,,,,,,,,,,48
qlp,203287192,.01,0,,,,,,,,,,,,,48
qlp,203289099,.01,0,,,,,,,,,,,,,48
qlp,203377303,.01,0,,,,,,,,,,,,,48
qlp,204317710,.01,0,,,,,,,,,,,,,48
qlp,204376737,.01,0,,,,,,,,,,,,,48
qlp,206352378,.01,0,,,,,,,,,,,,,48
qlp,206466531,.01,0,,,,,,,,,,,,,48
qlp,206474443,.01,0,,,,,,,,,,,,,48
qlp,206498307,.01,0,,,,,,,,,,,,,48
qlp,206541859,.01,0,,,,,,,,,,,,,48
qlp,206609630,.01,0,,,,,,,,,,,,,48
qlp,206669860,.01,0,,,,,,,,,,,,,48
qlp,206686292,.01,0,,,,,,,,,,,,,48
qlp,206785987,.01,0,,,,,,,,,,,,,48
qlp,206906112,.01,0,,,,,,,,,,,,,48
qlp,207077681,.01,0,,,,,,,,,,,,,48
qlp,207081058,.01,0,,,,,,,,,,,,,48
qlp,207084429,.01,0,,,,,,,,,,,,,48
qlp,207110080,.01,0,,,,,,,,,,,,,48
qlp,207141131,.01,0,,,,,,,,,,,,,48
qlp,207339000,.01,0,,,,,,,,,,,,,48
qlp,207425167,.01,0,,,,,,,,,,,,,48
qlp,207425203,.01,0,,,,,,,,,,,,,48
qlp,207468071,.01,0,,,,,,,,,,,,,48
qlp,207501148,.01,0,,,,,,,,,,,,,48
qlp,209459275,.01,0,,,,,,,,,,,,,48
qlp,209752908,.01,0,,,,,,,,,,,,,48
qlp,210873792,.01,0,,,,,,,,,,,,,48
qlp,211438925,.01,0,,,,,,,,,,,,,48
qlp,212253390,.01,0,,,,,,,,,,,,,48
qlp,212957629,.01,0,,,,,,,,,,,,,48
qlp,214361331,.01,0,,,,,,,,,,,,,48
qlp,216935214,.01,0,,,,,,,,,,,,,48
qlp,218795833,.01,0,,,,,,,,,,,,,48
qlp,219015370,.01,0,,,,,,,,,,,,,48
qlp,219113246,.01,0,,,,,,,,,,,,,48
qlp,219164808,.01,0,,,,,,,,,,,,,48
qlp,219175972,.01,0,,,,,,,,,,,,,48
qlp,219187649,.01,0,,,,,,,,,,,,,48
qlp,219189765,.01,0,,,,,,,,,,,,,48
qlp,219205407,.01,0,,,,,,,,,,,,,48
qlp,219208037,.01,0,,,,,,,,,,,,,48
qlp,219239945,.01,0,,,,,,,,,,,,,48
qlp,219253008,.01,0,,,,,,,,,,,,,48
qlp,219306934,.01,0,,,,,,,,,,,,,48
qlp,219338557,.01,0,,,,,,,,,,,,,48
qlp,219345200,.01,0,,,,,,,,,,,,,48
qlp,219379012,.01,0,,,,,,,,,,,,,48
qlp,219388773,.01,0,,,,,,,,,,,,,48
qlp,219401954,.01,0,,,,,,,,,,,,,48
qlp,219436394,.01,0,,,,,,,,,,,,,48
qlp,219501568,.01,0,,,,,,,,,,,,,48
qlp,219508169,.01,0,,,,,,,,,,,,,48
qlp,219698776,.01,0,,,,,,,,,,,,,48
qlp,219698950,.01,0,,,,,,,,,,,,,48
qlp,219762508,.01,0,,,,,,,,,,,,,48
qlp,219821826,.01,0,,,,,,,,,,,,,48
qlp,219850915,.01,0,,,,,,,,,,,,,48
qlp,219852584,.01,0,,,,,,,,,,,,,48
qlp,219854185,.01,0,,,,,,,,,,,,,48
qlp,219857012,.01,0,,,,,,,,,,,,,48
qlp,219866209,.01,0,,,,,,,,,,,,,48
qlp,219879302,.01,0,,,,,,,,,,,,,48
qlp,220016044,.01,0,,,,,,,,,,,,,48
qlp,220029715,.01,0,,,,,,,,,,,,,48
qlp,220396259,.01,0,,,,,,,,,,,,,48
qlp,220435095,.01,0,,,,,,,,,,,,,48
qlp,220475245,.01,0,,,,,,,,,,,,,48
qlp,220479565,.01,0,,,,,,,,,,,,,48
qlp,224225541,.01,0,,,,,,,,,,,,,48
qlp,224245334,.01,0,,,,,,,,,,,,,48
qlp,224297258,.01,0,,,,,,,,,,,,,48
qlp,224298134,.01,0,,,,,,,,,,,,,48
qlp,224601047,.01,0,,,,,,,,,,,,,48
qlp,228381868,.01,0,,,,,,,,,,,,,48
qlp,228507250,.01,0,,,,,,,,,,,,,48
qlp,229047362,.01,0,,,,,,,,,,,,,48
qlp,229091748,.01,0,,,,,,,,,,,,,48
qlp,229141709,.01,0,,,,,,,,,,,,,48
qlp,229384040,.01,0,,,,,,,,,,,,,48
qlp,229400092,.01,0,,,,,,,,,,,,,48
qlp,229455001,.01,0,,,,,,,,,,,,,48
qlp,229490898,.01,0,,,,,,,,,,,,,48
qlp,229510866,.01,0,,,,,,,,,,,,,48
qlp,229536616,.01,0,,,,,,,,,,,,,48
qlp,229581160,.01,0,,,,,,,,,,,,,48
qlp,229586455,.01,0,,,,,,,,,,,,,48
qlp,229605891,.01,0,,,,,,,,,,,,,48
qlp,229639351,.01,0,,,,,,,,,,,,,48
qlp,229671380,.01,0,,,,,,,,,,,,,48
qlp,229715760,.01,0,,,,,,,,,,,,,48
qlp,229742722,.01,0,,,,,,,,,,,,,48
qlp,229750058,.01,0,,,,,,,,,,,,,48
qlp,229770036,.01,0,,,,,,,,,,,,,48
qlp,229781583,.01,0,,,,,,,,,,,,,48
qlp,229787062,.01,0,,,,,,,,,,,,,48
qlp,229791084,.01,0,,,,,,,,,,,,,48
qlp,229811538,.01,0,,,,,,,,,,,,,48
qlp,229938290,.01,0,,,,,,,,,,,,,48
qlp,230001847,.01,0,,,,,,,,,,,,,48
qlp,230017324,.01,0,,,,,,,,,,,,,48
qlp,230017325,.01,0,,,,,,,,,,,,,48
qlp,230086768,.01,0,,,,,,,,,,,,,48
qlp,230087585,.01,0,,,,,,,,,,,,,48
qlp,230088370,.01,0,,,,,,,,,,,,,48
qlp,230127302,.01,0,,,,,,,,,,,,,48
qlp,230129753,.01,0,,,,,,,,,,,,,48
qlp,230375747,.01,0,,,,,,,,,,,,,48
qlp,230377505,.01,0,,,,,,,,,,,,,48
qlp,230386397,.01,0,,,,,,,,,,,,,48
qlp,230388132,.01,0,,,,,,,,,,,,,48
qlp,230982885,.01,0,,,,,,,,,,,,,48
qlp,231063955,.01,0,,,,,,,,,,,,,48
qlp,231081369,.01,0,,,,,,,,,,,,,48
qlp,231289421,.01,0,,,,,,,,,,,,,48
qlp,231297123,.01,0,,,,,,,,,,,,,48
qlp,231630147,.01,0,,,,,,,,,,,,,48
qlp,231663901,.01,0,,,,,,,,,,,,,48
qlp,231670397,.01,0,,,,,,,,,,,,,48
qlp,231702397,.01,0,,,,,,,,,,,,,48
qlp,231736113,.01,0,,,,,,,,,,,,,48
qlp,231850364,.01,0,,,,,,,,,,,,,48
qlp,232038798,.01,0,,,,,,,,,,,,,48
qlp,232079930,.01,0,,,,,,,,,,,,,48
qlp,232540264,.01,0,,,,,,,,,,,,,48
qlp,232568235,.01,0,,,,,,,,,,,,,48
qlp,232603560,.01,0,,,,,,,,,,,,,48
qlp,232612416,.01,0,,,,,,,,,,,,,48
qlp,232641326,.01,0,,,,,,,,,,,,,48
qlp,232679662,.01,0,,,,,,,,,,,,,48
qlp,232967440,.01,0,,,,,,,,,,,,,48
qlp,232967666,.01,0,,,,,,,,,,,,,48
qlp,232976128,.01,0,,,,,,,,,,,,,48
qlp,232982558,.01,0,,,,,,,,,,,,,48
qlp,232982938,.01,0,,,,,,,,,,,,,48
qlp,233047097,.01,0,,,,,,,,,,,,,48
qlp,233053554,.01,0,,,,,,,,,,,,,48
qlp,233059608,.01,0,,,,,,,,,,,,,48
qlp,233068569,.01,0,,,,,,,,,,,,,48
qlp,233078665,.01,0,,,,,,,,,,,,,48
qlp,233087860,.01,0,,,,,,,,,,,,,48
qlp,233120979,.01,0,,,,,,,,,,,,,48
qlp,233188747,.01,0,,,,,,,,,,,,,48
qlp,233211762,.01,0,,,,,,,,,,,,,48
qlp,233390838,.01,0,,,,,,,,,,,,,48
qlp,233497719,.01,0,,,,,,,,,,,,,48
qlp,233503636,.01,0,,,,,,,,,,,,,48
qlp,233541860,.01,0,,,,,,,,,,,,,48
qlp,233681149,.01,0,,,,,,,,,,,,,48
qlp,233684822,.01,0,,,,,,,,,,,,,48
qlp,233719215,.01,0,,,,,,,,,,,,,48
qlp,233720539,.01,0,,,,,,,,,,,,,48
qlp,233735068,.01,0,,,,,,,,,,,,,48
qlp,233823679,.01,0,,,,,,,,,,,,,48
qlp,233948455,.01,0,,,,,,,,,,,,,48
qlp,233951353,.01,0,,,,,,,,,,,,,48
qlp,233953967,.01,0,,,,,,,,,,,,,48
qlp,233964642,.01,0,,,,,,,,,,,,,48
qlp,234112540,.01,0,,,,,,,,,,,,,48
qlp,234330672,.01,0,,,,,,,,,,,,,48
qlp,234489976,.01,0,,,,,,,,,,,,,48
qlp,234519192,.01,0,,,,,,,,,,,,,48
qlp,234523599,.01,0,,,,,,,,,,,,,48
qlp,234825296,.01,0,,,,,,,,,,,,,48
qlp,234994474,.01,0,,,,,,,,,,,,,48
qlp,235037761,.01,0,,,,,,,,,,,,,48
qlp,235683377,.01,0,,,,,,,,,,,,,48
qlp,235684392,.01,0,,,,,,,,,,,,,48
qlp,235902467,.01,0,,,,,,,,,,,,,48
qlp,235905185,.01,0,,,,,,,,,,,,,48
qlp,235937532,.01,0,,,,,,,,,,,,,48
qlp,236312126,.01,0,,,,,,,,,,,,,48
qlp,236387002,.01,0,,,,,,,,,,,,,48
qlp,236445129,.01,0,,,,,,,,,,,,,48
qlp,236714379,.01,0,,,,,,,,,,,,,48
qlp,236775063,.01,0,,,,,,,,,,,,,48
qlp,236815160,.01,0,,,,,,,,,,,,,48
qlp,236887394,.01,0,,,,,,,,,,,,,48
qlp,237086564,.01,0,,,,,,,,,,,,,48
qlp,237101326,.01,0,,,,,,,,,,,,,48
qlp,237104103,.01,0,,,,,,,,,,,,,48
qlp,237184773,.01,0,,,,,,,,,,,,,48
qlp,237185205,.01,0,,,,,,,,,,,,,48
qlp,237200747,.01,0,,,,,,,,,,,,,48
qlp,237205154,.01,0,,,,,,,,,,,,,48
qlp,237221436,.01,0,,,,,,,,,,,,,48
qlp,237222864,.01,0,,,,,,,,,,,,,48
qlp,237320326,.01,0,,,,,,,,,,,,,48
qlp,237751146,.01,0,,,,,,,,,,,,,48
qlp,237808867,.01,0,,,,,,,,,,,,,48
qlp,237885040,.01,0,,,,,,,,,,,,,48
qlp,237913194,.01,0,,,,,,,,,,,,,48
qlp,237922465,.01,0,,,,,,,,,,,,,48
qlp,237924601,.01,0,,,,,,,,,,,,,48
qlp,237928815,.01,0,,,,,,,,,,,,,48
qlp,238004786,.01,0,,,,,,,,,,,,,48
qlp,238059180,.01,0,,,,,,,,,,,,,48
qlp,238061845,.01,0,,,,,,,,,,,,,48
qlp,238086647,.01,0,,,,,,,,,,,,,48
qlp,238171173,.01,0,,,,,,,,,,,,,48
qlp,238176110,.01,0,,,,,,,,,,,,,48
qlp,238197638,.01,0,,,,,,,,,,,,,48
qlp,238197709,.01,0,,,,,,,,,,,,,48
qlp,238374636,.01,0,,,,,,,,,,,,,48
qlp,238542895,.01,0,,,,,,,,,,,,,48
qlp,238586172,.01,0,,,,,,,,,,,,,48
qlp,238597883,.01,0,,,,,,,,,,,,,48
qlp,238932509,.01,0,,,,,,,,,,,,,48
qlp,239134248,.01,0,,,,,,,,,,,,,48
qlp,239136269,.01,0,,,,,,,,,,,,,48
qlp,239154970,.01,0,,,,,,,,,,,,,48
qlp,239332587,.01,0,,,,,,,,,,,,,48
qlp,239816546,.01,0,,,,,,,,,,,,,48
qlp,240148934,.01,0,,,,,,,,,,,,,48
qlp,240681314,.01,0,,,,,,,,,,,,,48
qlp,240968774,.01,0,,,,,,,,,,,,,48
qlp,241173474,.01,0,,,,,,,,,,,,,48
qlp,241196395,.01,0,,,,,,,,,,,,,48
qlp,241225337,.01,0,,,,,,,,,,,,,48
qlp,242083025,.01,0,,,,,,,,,,,,,48
qlp,242120884,.01,0,,,,,,,,,,,,,48
qlp,242536549,.01,0,,,,,,,,,,,,,48
qlp,243014114,.01,0,,,,,,,,,,,,,48
qlp,243185500,.01,0,,,,,,,,,,,,,48
qlp,243200602,.01,0,,,,,,,,,,,,,48
qlp,243244680,.01,0,,,,,,,,,,,,,48
qlp,243297296,.01,0,,,,,,,,,,,,,48
qlp,243333538,.01,0,,,,,,,,,,,,,48
qlp,243335710,.01,0,,,,,,,,,,,,,48
qlp,244161191,.01,0,,,,,,,,,,,,,48
qlp,248075138,.01,0,,,,,,,,,,,,,48
qlp,248111245,.01,0,,,,,,,,,,,,,48
qlp,248250955,.01,0,,,,,,,,,,,,,48
qlp,248387177,.01,0,,,,,,,,,,,,,48
qlp,248391319,.01,0,,,,,,,,,,,,,48
qlp,248434716,.01,0,,,,,,,,,,,,,48
qlp,248434780,.01,0,,,,,,,,,,,,,48
qlp,249067445,.01,0,,,,,,,,,,,,,48
qlp,250386181,.01,0,,,,,,,,,,,,,48
qlp,250484865,.01,0,,,,,,,,,,,,,48
qlp,251094370,.01,0,,,,,,,,,,,,,48
qlp,251848941,.01,0,,,,,,,,,,,,,48
qlp,251852984,.01,0,,,,,,,,,,,,,48
qlp,251855940,.01,0,,,,,,,,,,,,,48
qlp,251878904,.01,0,,,,,,,,,,,,,48
qlp,252474634,.01,0,,,,,,,,,,,,,48
qlp,252479260,.01,0,,,,,,,,,,,,,48
qlp,253044312,.01,0,,,,,,,,,,,,,48
qlp,253132689,.01,0,,,,,,,,,,,,,48
qlp,253434221,.01,0,,,,,,,,,,,,,48
qlp,253728991,.01,0,,,,,,,,,,,,,48
qlp,253990973,.01,0,,,,,,,,,,,,,48
qlp,254113311,.01,0,,,,,,,,,,,,,48
qlp,255704097,.01,0,,,,,,,,,,,,,48
qlp,255760319,.01,0,,,,,,,,,,,,,48
qlp,255930614,.01,0,,,,,,,,,,,,,48
qlp,256364928,.01,0,,,,,,,,,,,,,48
qlp,256621916,.01,0,,,,,,,,,,,,,48
qlp,256783784,.01,0,,,,,,,,,,,,,48
qlp,256886630,.01,0,,,,,,,,,,,,,48
qlp,257060897,.01,0,,,,,,,,,,,,,48
qlp,257241363,.01,0,,,,,,,,,,,,,48
qlp,257567854,.01,0,,,,,,,,,,,,,48
qlp,257605131,.01,0,,,,,,,,,,,,,48
qlp,257774438,.01,0,,,,,,,,,,,,,48
qlp,258402425,.01,0,,,,,,,,,,,,,48
qlp,258510872,.01,0,,,,,,,,,,,,,48
qlp,258777137,.01,0,,,,,,,,,,,,,48
qlp,258796169,.01,0,,,,,,,,,,,,,48
qlp,258801269,.01,0,,,,,,,,,,,,,48
qlp,258804746,.01,0,,,,,,,,,,,,,48
qlp,258871793,.01,0,,,,,,,,,,,,,48
qlp,258920431,.01,0,,,,,,,,,,,,,48
qlp,259126549,.01,0,,,,,,,,,,,,,48
qlp,259129875,.01,0,,,,,,,,,,,,,48
qlp,259168516,.01,0,,,,,,,,,,,,,48
qlp,259230140,.01,0,,,,,,,,,,,,,48
qlp,259353953,.01,0,,,,,,,,,,,,,48
qlp,259377017,.01,0,,,,,,,,,,,,,48
qlp,259389219,.01,0,,,,,,,,,,,,,48
qlp,259511357,.01,0,,,,,,,,,,,,,48
qlp,259592689,.01,0,,,,,,,,,,,,,48
qlp,259701242,.01,0,,,,,,,,,,,,,48
qlp,260043723,.01,0,,,,,,,,,,,,,48
qlp,260128333,.01,0,,,,,,,,,,,,,48
qlp,260130483,.01,0,,,,,,,,,,,,,48
qlp,260271203,.01,0,,,,,,,,,,,,,48
qlp,260298958,.01,0,,,,,,,,,,,,,48
qlp,260304296,.01,0,,,,,,,,,,,,,48
qlp,260304800,.01,0,,,,,,,,,,,,,48
qlp,260417932,.01,0,,,,,,,,,,,,,48
qlp,260476837,.01,0,,,,,,,,,,,,,48
qlp,260609205,.01,0,,,,,,,,,,,,,48
qlp,260647166,.01,0,,,,,,,,,,,,,48
qlp,260708537,.01,0,,,,,,,,,,,,,48
qlp,260797169,.01,0,,,,,,,,,,,,,48
qlp,260985861,.01,0,,,,,,,,,,,,,48
qlp,261108236,.01,0,,,,,,,,,,,,,48
qlp,261136679,.01,0,,,,,,,,,,,,,48
qlp,261257684,.01,0,,,,,,,,,,,,,48
qlp,261258875,.01,0,,,,,,,,,,,,,48
qlp,261369656,.01,0,,,,,,,,,,,,,48
qlp,261867566,.01,0,,,,,,,,,,,,,48
qlp,262435954,.01,0,,,,,,,,,,,,,48
qlp,262471759,.01,0,,,,,,,,,,,,,48
qlp,262530407,.01,0,,,,,,,,,,,,,48
qlp,262530873,.01,0,,,,,,,,,,,,,48
qlp,262662119,.01,0,,,,,,,,,,,,,48
qlp,262715204,.01,0,,,,,,,,,,,,,48
qlp,262746281,.01,0,,,,,,,,,,,,,48
qlp,262880065,.01,0,,,,,,,,,,,,,48
qlp,263003176,.01,0,,,,,,,,,,,,,48
qlp,263075864,.01,0,,,,,,,,,,,,,48
qlp,263179590,.01,0,,,,,,,,,,,,,48
qlp,264508014,.01,0,,,,,,,,,,,,,48
qlp,264544388,.01,0,,,,,,,,,,,,,48
qlp,264678534,.01,0,,,,,,,,,,,,,48
qlp,265077027,.01,0,,,,,,,,,,,,,48
qlp,265146266,.01,0,,,,,,,,,,,,,48
qlp,266593143,.01,0,,,,,,,,,,,,,48
qlp,266980320,.01,0,,,,,,,,,,,,,48
qlp,267263253,.01,0,,,,,,,,,,,,,48
qlp,267484653,.01,0,,,,,,,,,,,,,48
qlp,267489265,.01,0,,,,,,,,,,,,,48
qlp,267527924,.01,0,,,,,,,,,,,,,48
qlp,267545252,.01,0,,,,,,,,,,,,,48
qlp,267561446,.01,0,,,,,,,,,,,,,48
qlp,267572272,.01,0,,,,,,,,,,,,,48
qlp,267574918,.01,0,,,,,,,,,,,,,48
qlp,268301217,.01,0,,,,,,,,,,,,,48
qlp,268334473,.01,0,,,,,,,,,,,,,48
qlp,268371979,.01,0,,,,,,,,,,,,,48
qlp,268403451,.01,0,,,,,,,,,,,,,48
qlp,268604331,.01,0,,,,,,,,,,,,,48
qlp,268644785,.01,0,,,,,,,,,,,,,48
qlp,268766053,.01,0,,,,,,,,,,,,,48
qlp,268823307,.01,0,,,,,,,,,,,,,48
qlp,268914377,.01,0,,,,,,,,,,,,,48
qlp,268924036,.01,0,,,,,,,,,,,,,48
qlp,269269546,.01,0,,,,,,,,,,,,,48
qlp,269400980,.01,0,,,,,,,,,,,,,48
qlp,269450900,.01,0,,,,,,,,,,,,,48
qlp,269558487,.01,0,,,,,,,,,,,,,48
qlp,269701147,.01,0,,,,,,,,,,,,,48
qlp,269850928,.01,0,,,,,,,,,,,,,48
qlp,269892793,.01,0,,,,,,,,,,,,,48
qlp,270219048,.01,0,,,,,,,,,,,,,48
qlp,270341214,.01,0,,,,,,,,,,,,,48
qlp,270342589,.01,0,,,,,,,,,,,,,48
qlp,270380593,.01,0,,,,,,,,,,,,,48
qlp,270468559,.01,0,,,,,,,,,,,,,48
qlp,270472265,.01,0,,,,,,,,,,,,,48
qlp,270507305,.01,0,,,,,,,,,,,,,48
qlp,270515566,.01,0,,,,,,,,,,,,,48
qlp,270604417,.01,0,,,,,,,,,,,,,48
qlp,270841724,.01,0,,,,,,,,,,,,,48
qlp,271042217,.01,0,,,,,,,,,,,,,48
qlp,271168962,.01,0,,,,,,,,,,,,,48
qlp,271169413,.01,0,,,,,,,,,,,,,48
qlp,271354351,.01,0,,,,,,,,,,,,,48
qlp,271478281,.01,0,,,,,,,,,,,,,48
qlp,271581073,.01,0,,,,,,,,,,,,,48
qlp,271722899,.01,0,,,,,,,,,,,,,48
qlp,271806353,.01,0,,,,,,,,,,,,,48
qlp,271891552,.01,0,,,,,,,,,,,,,48
qlp,271893367,.01,0,,,,,,,,,,,,,48
qlp,271900960,.01,0,,,,,,,,,,,,,48
qlp,272086159,.01,0,,,,,,,,,,,,,48
qlp,272167060,.01,0,,,,,,,,,,,,,48
qlp,272211398,.01,0,,,,,,,,,,,,,48
qlp,272212970,.01,0,,,,,,,,,,,,,48
qlp,272213425,.01,0,,,,,,,,,,,,,48
qlp,272236017,.01,0,,,,,,,,,,,,,48
qlp,272672133,.01,0,,,,,,,,,,,,,48
qlp,272707711,.01,0,,,,,,,,,,,,,48
qlp,272758199,.01,0,,,,,,,,,,,,,48
qlp,272785423,.01,0,,,,,,,,,,,,,48
qlp,273231214,.01,0,,,,,,,,,,,,,48
qlp,273695332,.01,0,,,,,,,,,,,,,48
qlp,274138511,.01,0,,,,,,,,,,,,,48
qlp,274151135,.01,0,,,,,,,,,,,,,48
qlp,274194927,.01,0,,,,,,,,,,,,,48
qlp,274662200,.01,0,,,,,,,,,,,,,48
qlp,274762761,.01,0,,,,,,,,,,,,,48
qlp,275248683,.01,0,,,,,,,,,,,,,48
qlp,275384718,.01,0,,,,,,,,,,,,,48
qlp,276128561,.01,0,,,,,,,,,,,,,48
qlp,277014266,.01,0,,,,,,,,,,,,,48
qlp,277099925,.01,0,,,,,,,,,,,,,48
qlp,277103955,.01,0,,,,,,,,,,,,,48
qlp,277507814,.01,0,,,,,,,,,,,,,48
qlp,277634430,.01,0,,,,,,,,,,,,,48
qlp,277683130,.01,0,,,,,,,,,,,,,48
qlp,277871306,.01,0,,,,,,,,,,,,,48
qlp,277890574,.01,0,,,,,,,,,,,,,48
qlp,278138619,.01,0,,,,,,,,,,,,,48
qlp,278198753,.01,0,,,,,,,,,,,,,48
qlp,278199349,.01,0,,,,,,,,,,,,,48
qlp,278348461,.01,0,,,,,,,,,,,,,48
qlp,278415929,.01,0,,,,,,,,,,,,,48
qlp,278683844,.01,0,,,,,,,,,,,,,48
qlp,278866211,.01,0,,,,,,,,,,,,,48
qlp,278895705,.01,0,,,,,,,,,,,,,48
qlp,279251651,.01,0,,,,,,,,,,,,,48
qlp,279327604,.01,0,,,,,,,,,,,,,48
qlp,279425357,.01,0,,,,,,,,,,,,,48
qlp,279740441,.01,0,,,,,,,,,,,,,48
qlp,279741379,.01,0,,,,,,,,,,,,,48
qlp,279999655,.01,0,,,,,,,,,,,,,48
qlp,280031353,.01,0,,,,,,,,,,,,,48
qlp,280095254,.01,0,,,,,,,,,,,,,48
qlp,280097543,.01,0,,,,,,,,,,,,,48
qlp,280206394,.01,0,,,,,,,,,,,,,48
qlp,280210963,.01,0,,,,,,,,,,,,,48
qlp,280437559,.01,0,,,,,,,,,,,,,48
qlp,280803917,.01,0,,,,,,,,,,,,,48
qlp,280830734,.01,0,,,,,,,,,,,,,48
qlp,281459670,.01,0,,,,,,,,,,,,,48
qlp,281541555,.01,0,,,,,,,,,,,,,48
qlp,281575427,.01,0,,,,,,,,,,,,,48
qlp,281716779,.01,0,,,,,,,,,,,,,48
qlp,281731203,.01,0,,,,,,,,,,,,,48
qlp,281837575,.01,0,,,,,,,,,,,,,48
qlp,281885301,.01,0,,,,,,,,,,,,,48
qlp,281909674,.01,0,,,,,,,,,,,,,48
qlp,281924357,.01,0,,,,,,,,,,,,,48
qlp,281979481,.01,0,,,,,,,,,,,,,48
qlp,282498590,.01,0,,,,,,,,,,,,,48
qlp,282576340,.01,0,,,,,,,,,,,,,48
qlp,283307274,.01,0,,,,,,,,,,,,,48
qlp,283722336,.01,0,,,,,,,,,,,,,48
qlp,284173938,.01,0,,,,,,,,,,,,,48
qlp,284174392,.01,0,,,,,,,,,,,,,48
qlp,284288080,.01,0,,,,,,,,,,,,,48
qlp,284326455,.01,0,,,,,,,,,,,,,48
qlp,284441182,.01,0,,,,,,,,,,,,,48
qlp,284450803,.01,0,,,,,,,,,,,,,48
qlp,284475976,.01,0,,,,,,,,,,,,,48
qlp,284679064,.01,0,,,,,,,,,,,,,48
qlp,284738182,.01,0,,,,,,,,,,,,,48
qlp,284747017,.01,0,,,,,,,,,,,,,48
qlp,285048486,.01,0,,,,,,,,,,,,,48
qlp,286094277,.01,0,,,,,,,,,,,,,48
qlp,286355915,.01,0,,,,,,,,,,,,,48
qlp,286864983,.01,0,,,,,,,,,,,,,48
qlp,286865921,.01,0,,,,,,,,,,,,,48
qlp,286916251,.01,0,,,,,,,,,,,,,48
qlp,286923464,.01,0,,,,,,,,,,,,,48
qlp,287080092,.01,0,,,,,,,,,,,,,48
qlp,287190564,.01,0,,,,,,,,,,,,,48
qlp,287196418,.01,0,,,,,,,,,,,,,48
qlp,287225295,.01,0,,,,,,,,,,,,,48
qlp,287231664,.01,0,,,,,,,,,,,,,48
qlp,287256467,.01,0,,,,,,,,,,,,,48
qlp,287474726,.01,0,,,,,,,,,,,,,48
qlp,287563610,.01,0,,,,,,,,,,,,,48
qlp,288132261,.01,0,,,,,,,,,,,,,48
qlp,288185138,.01,0,,,,,,,,,,,,,48
qlp,288242606,.01,0,,,,,,,,,,,,,48
qlp,288391628,.01,0,,,,,,,,,,,,,48
qlp,288636342,.01,0,,,,,,,,,,,,,48
qlp,288636599,.01,0,,,,,,,,,,,,,48
qlp,288735205,.01,0,,,,,,,,,,,,,48
qlp,289164482,.01,0,,,,,,,,,,,,,48
qlp,289535142,.01,0,,,,,,,,,,,,,48
qlp,289539327,.01,0,,,,,,,,,,,,,48
qlp,289661991,.01,0,,,,,,,,,,,,,48
qlp,289793076,.01,0,,,,,,,,,,,,,48
qlp,289988797,.01,0,,,,,,,,,,,,,48
qlp,290036495,.01,0,,,,,,,,,,,,,48
qlp,290131778,.01,0,,,,,,,,,,,,,48
qlp,290348383,.01,0,,,,,,,,,,,,,48
qlp,291555748,.01,0,,,,,,,,,,,,,48
qlp,292321872,.01,0,,,,,,,,,,,,,48
qlp,293435336,.01,0,,,,,,,,,,,,,48
qlp,293457754,.01,0,,,,,,,,,,,,,48
qlp,293567206,.01,0,,,,,,,,,,,,,48
qlp,293612446,.01,0,,,,,,,,,,,,,48
qlp,293617835,.01,0,,,,,,,,,,,,,48
qlp,293687315,.01,0,,,,,,,,,,,,,48
qlp,293708935,.01,0,,,,,,,,,,,,,48
qlp,293853437,.01,0,,,,,,,,,,,,,48
qlp,293954617,.01,0,,,,,,,,,,,,,48
qlp,294090620,.01,0,,,,,,,,,,,,,48
qlp,294179385,.01,0,,,,,,,,,,,,,48
qlp,294301883,.01,0,,,,,,,,,,,,,48
qlp,294395926,.01,0,,,,,,,,,,,,,48
qlp,294500964,.01,0,,,,,,,,,,,,,48
qlp,294869729,.01,0,,,,,,,,,,,,,48
qlp,295354126,.01,0,,,,,,,,,,,,,48
qlp,295541511,.01,0,,,,,,,,,,,,,48
qlp,295562522,.01,0,,,,,,,,,,,,,48
qlp,296739893,.01,0,,,,,,,,,,,,,48
qlp,296780789,.01,0,,,,,,,,,,,,,48
qlp,297967252,.01,0,,,,,,,,,,,,,48
qlp,298372701,.01,0,,,,,,,,,,,,,48
qlp,298647682,.01,0,,,,,,,,,,,,,48
qlp,298663873,.01,0,,,,,,,,,,,,,48
qlp,298666530,.01,0,,,,,,,,,,,,,48
qlp,299023386,.01,0,,,,,,,,,,,,,48
qlp,299158887,.01,0,,,,,,,,,,,,,48
qlp,299220166,.01,0,,,,,,,,,,,,,48
qlp,299780329,.01,0,,,,,,,,,,,,,48
qlp,299798795,.01,0,,,,,,,,,,,,,48
qlp,299799658,.01,0,,,,,,,,,,,,,48
qlp,299897516,.01,0,,,,,,,,,,,,,48
qlp,300038935,.01,0,,,,,,,,,,,,,48
qlp,300293197,.01,0,,,,,,,,,,,,,48
qlp,300579472,.01,0,,,,,,,,,,,,,48
qlp,300599466,.01,0,,,,,,,,,,,,,48
qlp,300810086,.01,0,,,,,,,,,,,,,48
qlp,300871545,.01,0,,,,,,,,,,,,,48
qlp,301051430,.01,0,,,,,,,,,,,,,48
qlp,301160638,.01,0,,,,,,,,,,,,,48
qlp,301289516,.01,0,,,,,,,,,,,,,48
qlp,302333151,.01,0,,,,,,,,,,,,,48
qlp,302381397,.01,0,,,,,,,,,,,,,48
qlp,302518439,.01,0,,,,,,,,,,,,,48
qlp,302659412,.01,0,,,,,,,,,,,,,48
qlp,302773669,.01,0,,,,,,,,,,,,,48
qlp,302895996,.01,0,,,,,,,,,,,,,48
qlp,303204165,.01,0,,,,,,,,,,,,,48
qlp,303317324,.01,0,,,,,,,,,,,,,48
qlp,303523128,.01,0,,,,,,,,,,,,,48
qlp,304021498,.01,0,,,,,,,,,,,,,48
qlp,304042899,.01,0,,,,,,,,,,,,,48
qlp,305048116,.01,0,,,,,,,,,,,,,48
qlp,305424003,.01,0,,,,,,,,,,,,,48
qlp,305767364,.01,0,,,,,,,,,,,,,48
qlp,305943739,.01,0,,,,,,,,,,,,,48
qlp,306263608,.01,0,,,,,,,,,,,,,48
qlp,306362738,.01,0,,,,,,,,,,,,,48
qlp,306510653,.01,0,,,,,,,,,,,,,48
qlp,306955329,.01,0,,,,,,,,,,,,,48
qlp,306996324,.01,0,,,,,,,,,,,,,48
qlp,307111282,.01,0,,,,,,,,,,,,,48
qlp,307210830,.01,0,,,,,,,,,,,,,48
qlp,307610438,.01,0,,,,,,,,,,,,,48
qlp,307733361,.01,0,,,,,,,,,,,,,48
qlp,307734817,.01,0,,,,,,,,,,,,,48
qlp,307809773,.01,0,,,,,,,,,,,,,48
qlp,307915084,.01,0,,,,,,,,,,,,,48
qlp,307956397,.01,0,,,,,,,,,,,,,48
qlp,308034948,.01,0,,,,,,,,,,,,,48
qlp,308050066,.01,0,,,,,,,,,,,,,48
qlp,308073360,.01,0,,,,,,,,,,,,,48
qlp,308098254,.01,0,,,,,,,,,,,,,48
qlp,308172249,.01,0,,,,,,,,,,,,,48
qlp,308208458,.01,0,,,,,,,,,,,,,48
qlp,308307606,.01,0,,,,,,,,,,,,,48
qlp,308883808,.01,0,,,,,,,,,,,,,48
qlp,309254930,.01,0,,,,,,,,,,,,,48
qlp,309257814,.01,0,,,,,,,,,,,,,48
qlp,309402106,.01,0,,,,,,,,,,,,,48
qlp,309787037,.01,0,,,,,,,,,,,,,48
qlp,309791156,.01,0,,,,,,,,,,,,,48
qlp,309792357,.01,0,,,,,,,,,,,,,48
qlp,310002617,.01,0,,,,,,,,,,,,,48
qlp,310003988,.01,0,,,,,,,,,,,,,48
qlp,310009611,.01,0,,,,,,,,,,,,,48
qlp,310294189,.01,0,,,,,,,,,,,,,48
qlp,311035838,.01,0,,,,,,,,,,,,,48
qlp,311121985,.01,0,,,,,,,,,,,,,48
qlp,311183180,.01,0,,,,,,,,,,,,,48
qlp,311271011,.01,0,,,,,,,,,,,,,48
qlp,311408969,.01,0,,,,,,,,,,,,,48
qlp,312083267,.01,0,,,,,,,,,,,,,48
qlp,312122956,.01,0,,,,,,,,,,,,,48
qlp,312221462,.01,0,,,,,,,,,,,,,48
qlp,312689217,.01,0,,,,,,,,,,,,,48
qlp,312862941,.01,0,,,,,,,,,,,,,48
qlp,313006381,.01,0,,,,,,,,,,,,,48
qlp,313194972,.01,0,,,,,,,,,,,,,48
qlp,313506357,.01,0,,,,,,,,,,,,,48
qlp,313554509,.01,0,,,,,,,,,,,,,48
qlp,313891529,.01,0,,,,,,,,,,,,,48
qlp,314724818,.01,0,,,,,,,,,,,,,48
qlp,315002523,.01,0,,,,,,,,,,,,,48
qlp,315755496,.01,0,,,,,,,,,,,,,48
qlp,316916655,.01,0,,,,,,,,,,,,,48
qlp,317060587,.01,0,,,,,,,,,,,,,48
qlp,317089588,.01,0,,,,,,,,,,,,,48
qlp,317507345,.01,0,,,,,,,,,,,,,48
qlp,317548889,.01,0,,,,,,,,,,,,,48
qlp,317597583,.01,0,,,,,,,,,,,,,48
qlp,317951248,.01,0,,,,,,,,,,,,,48
qlp,318022259,.01,0,,,,,,,,,,,,,48
qlp,318608749,.01,0,,,,,,,,,,,,,48
qlp,318753380,.01,0,,,,,,,,,,,,,48
qlp,318812447,.01,0,,,,,,,,,,,,,48
qlp,318828309,.01,0,,,,,,,,,,,,,48
qlp,318937509,.01,0,,,,,,,,,,,,,48
qlp,319312479,.01,0,,,,,,,,,,,,,48
qlp,319610598,.01,0,,,,,,,,,,,,,48
qlp,320004517,.01,0,,,,,,,,,,,,,48
qlp,320079492,.01,0,,,,,,,,,,,,,48
qlp,320503729,.01,0,,,,,,,,,,,,,48
qlp,320525204,.01,0,,,,,,,,,,,,,48
qlp,320536216,.01,0,,,,,,,,,,,,,48
qlp,320798691,.01,0,,,,,,,,,,,,,48
qlp,321011127,.01,0,,,,,,,,,,,,,48
qlp,321041369,.01,0,,,,,,,,,,,,,48
qlp,321068176,.01,0,,,,,,,,,,,,,48
qlp,321668398,.01,0,,,,,,,,,,,,,48
qlp,321857016,.01,0,,,,,,,,,,,,,48
qlp,321982642,.01,0,,,,,,,,,,,,,48
qlp,322046084,.01,0,,,,,,,,,,,,,48
qlp,322054600,.01,0,,,,,,,,,,,,,48
qlp,322063810,.01,0,,,,,,,,,,,,,48
qlp,322270620,.01,0,,,,,,,,,,,,,48
qlp,322307342,.01,0,,,,,,,,,,,,,48
qlp,322807675,.01,0,,,,,,,,,,,,,48
qlp,323295479,.01,0,,,,,,,,,,,,,48
qlp,324395151,.01,0,,,,,,,,,,,,,48
qlp,325172035,.01,0,,,,,,,,,,,,,48
qlp,325468685,.01,0,,,,,,,,,,,,,48
qlp,325680697,.01,0,,,,,,,,,,,,,48
qlp,326522874,.01,0,,,,,,,,,,,,,48
qlp,327301957,.01,0,,,,,,,,,,,,,48
qlp,327952677,.01,0,,,,,,,,,,,,,48
qlp,328012209,.01,0,,,,,,,,,,,,,48
qlp,328325110,.01,0,,,,,,,,,,,,,48
qlp,328350926,.01,0,,,,,,,,,,,,,48
qlp,328814605,.01,0,,,,,,,,,,,,,48
qlp,328933398,.01,0,,,,,,,,,,,,,48
qlp,329277372,.01,0,,,,,,,,,,,,,48
qlp,329864959,.01,0,,,,,,,,,,,,,48
qlp,329888006,.01,0,,,,,,,,,,,,,48
qlp,330687113,.01,0,,,,,,,,,,,,,48
qlp,330690135,.01,0,,,,,,,,,,,,,48
qlp,330795142,.01,0,,,,,,,,,,,,,48
qlp,332022997,.01,0,,,,,,,,,,,,,48
qlp,332064670,.01,0,,,,,,,,,,,,,48
qlp,332477926,.01,0,,,,,,,,,,,,,48
qlp,332558858,.01,0,,,,,,,,,,,,,48
qlp,332660150,.01,0,,,,,,,,,,,,,48
qlp,333473672,.01,0,,,,,,,,,,,,,48
qlp,333607525,.01,0,,,,,,,,,,,,,48
qlp,333657795,.01,0,,,,,,,,,,,,,48
qlp,333674399,.01,0,,,,,,,,,,,,,48
qlp,333734769,.01,0,,,,,,,,,,,,,48
qlp,333821572,.01,0,,,,,,,,,,,,,48
qlp,334305570,.01,0,,,,,,,,,,,,,48
qlp,334482103,.01,0,,,,,,,,,,,,,48
qlp,334911765,.01,0,,,,,,,,,,,,,48
qlp,335499997,.01,0,,,,,,,,,,,,,48
qlp,335630746,.01,0,,,,,,,,,,,,,48
qlp,335655755,.01,0,,,,,,,,,,,,,48
qlp,336075472,.01,0,,,,,,,,,,,,,48
qlp,336128819,.01,0,,,,,,,,,,,,,48
qlp,336267424,.01,0,,,,,,,,,,,,,48
qlp,336732616,.01,0,,,,,,,,,,,,,48
qlp,337129672,.01,0,,,,,,,,,,,,,48
qlp,337385330,.01,0,,,,,,,,,,,,,48
qlp,339672028,.01,0,,,,,,,,,,,,,48
qlp,339733013,.01,0,,,,,,,,,,,,,48
qlp,340458804,.01,0,,,,,,,,,,,,,48
qlp,341186896,.01,0,,,,,,,,,,,,,48
qlp,341419787,.01,0,,,,,,,,,,,,,48
qlp,341420329,.01,0,,,,,,,,,,,,,48
qlp,341544930,.01,0,,,,,,,,,,,,,48
qlp,341630071,.01,0,,,,,,,,,,,,,48
qlp,341729521,.01,0,,,,,,,,,,,,,48
qlp,342167886,.01,0,,,,,,,,,,,,,48
qlp,343648136,.01,0,,,,,,,,,,,,,48
qlp,346418409,.01,0,,,,,,,,,,,,,48
qlp,347098457,.01,0,,,,,,,,,,,,,48
qlp,347329162,.01,0,,,,,,,,,,,,,48
qlp,347332255,.01,0,,,,,,,,,,,,,48
qlp,348538431,.01,0,,,,,,,,,,,,,48
qlp,348673213,.01,0,,,,,,,,,,,,,48
qlp,348755723,.01,0,,,,,,,,,,,,,48
qlp,348755728,.01,0,,,,,,,,,,,,,48
qlp,348770361,.01,0,,,,,,,,,,,,,48
qlp,348995212,.01,0,,,,,,,,,,,,,48
qlp,349071261,.01,0,,,,,,,,,,,,,48
qlp,349088467,.01,0,,,,,,,,,,,,,48
qlp,349408306,.01,0,,,,,,,,,,,,,48
qlp,349488688,.01,0,,,,,,,,,,,,,48
qlp,349518800,.01,0,,,,,,,,,,,,,48
qlp,349576261,.01,0,,,,,,,,,,,,,48
qlp,349582831,.01,0,,,,,,,,,,,,,48
qlp,349790953,.01,0,,,,,,,,,,,,,48
qlp,349827430,.01,0,,,,,,,,,,,,,48
qlp,349972412,.01,0,,,,,,,,,,,,,48
qlp,350020859,.01,0,,,,,,,,,,,,,48
qlp,350023518,.01,0,,,,,,,,,,,,,48
qlp,350033870,.01,0,,,,,,,,,,,,,48
qlp,350043412,.01,0,,,,,,,,,,,,,48
qlp,350132371,.01,0,,,,,,,,,,,,,48
qlp,350153977,.01,0,,,,,,,,,,,,,48
qlp,350293646,.01,0,,,,,,,,,,,,,48
qlp,350332997,.01,0,,,,,,,,,,,,,48
qlp,350445771,.01,0,,,,,,,,,,,,,48
qlp,350575997,.01,0,,,,,,,,,,,,,48
qlp,350618622,.01,0,,,,,,,,,,,,,48
qlp,350743714,.01,0,,,,,,,,,,,,,48
qlp,350995812,.01,0,,,,,,,,,,,,,48
qlp,351601843,.01,0,,,,,,,,,,,,,48
qlp,351603103,.01,0,,,,,,,,,,,,,48
qlp,352239069,.01,0,,,,,,,,,,,,,48
qlp,352413427,.01,0,,,,,,,,,,,,,48
qlp,352764091,.01,0,,,,,,,,,,,,,48
qlp,353367071,.01,0,,,,,,,,,,,,,48
qlp,353475866,.01,0,,,,,,,,,,,,,48
qlp,353498819,.01,0,,,,,,,,,,,,,48
qlp,354518617,.01,0,,,,,,,,,,,,,48
qlp,354944123,.01,0,,,,,,,,,,,,,48
qlp,355096431,.01,0,,,,,,,,,,,,,48
qlp,355446093,.01,0,,,,,,,,,,,,,48
qlp,355509914,.01,0,,,,,,,,,,,,,48
qlp,355600246,.01,0,,,,,,,,,,,,,48
qlp,355703913,.01,0,,,,,,,,,,,,,48
qlp,355800238,.01,0,,,,,,,,,,,,,48
qlp,355867695,.01,0,,,,,,,,,,,,,48
qlp,355953198,.01,0,,,,,,,,,,,,,48
qlp,356158613,.01,0,,,,,,,,,,,,,48
qlp,356235833,.01,0,,,,,,,,,,,,,48
qlp,356453768,.01,0,,,,,,,,,,,,,48
qlp,356473034,.01,0,,,,,,,,,,,,,48
qlp,356539624,.01,0,,,,,,,,,,,,,48
qlp,356590734,.01,0,,,,,,,,,,,,,48
qlp,356710041,.01,0,,,,,,,,,,,,,48
qlp,356747847,.01,0,,,,,,,,,,,,,48
qlp,356867115,.01,0,,,,,,,,,,,,,48
qlp,356868487,.01,0,,,,,,,,,,,,,48
qlp,356919658,.01,0,,,,,,,,,,,,,48
qlp,356978132,.01,0,,,,,,,,,,,,,48
qlp,357416482,.01,0,,,,,,,,,,,,,48
qlp,357457104,.01,0,,,,,,,,,,,,,48
qlp,357501308,.01,0,,,,,,,,,,,,,48
qlp,357536526,.01,0,,,,,,,,,,,,,48
qlp,358107516,.01,0,,,,,,,,,,,,,48
qlp,358248442,.01,0,,,,,,,,,,,,,48
qlp,358516596,.01,0,,,,,,,,,,,,,48
qlp,358557578,.01,0,,,,,,,,,,,,,48
qlp,359271092,.01,0,,,,,,,,,,,,,48
qlp,359357695,.01,0,,,,,,,,,,,,,48
qlp,359496368,.01,0,,,,,,,,,,,,,48
qlp,360630575,.01,0,,,,,,,,,,,,,48
qlp,360742636,.01,0,,,,,,,,,,,,,48
qlp,361413119,.01,0,,,,,,,,,,,,,48
qlp,362220495,.01,0,,,,,,,,,,,,,48
qlp,362222177,.01,0,,,,,,,,,,,,,48
qlp,362223355,.01,0,,,,,,,,,,,,,48
qlp,362709886,.01,0,,,,,,,,,,,,,48
qlp,363260203,.01,0,,,,,,,,,,,,,48
qlp,363548415,.01,0,,,,,,,,,,,,,48
qlp,363851359,.01,0,,,,,,,,,,,,,48
qlp,363914762,.01,0,,,,,,,,,,,,,48
qlp,364075352,.01,0,,,,,,,,,,,,,48
qlp,364107753,.01,0,,,,,,,,,,,,,48
qlp,364186197,.01,0,,,,,,,,,,,,,48
qlp,364395234,.01,0,,,,,,,,,,,,,48
qlp,365639282,.01,0,,,,,,,,,,,,,48
qlp,365673804,.01,0,,,,,,,,,,,,,48
qlp,365690646,.01,0,,,,,,,,,,,,,48
qlp,365733349,.01,0,,,,,,,,,,,,,48
qlp,365781372,.01,0,,,,,,,,,,,,,48
qlp,365938305,.01,0,,,,,,,,,,,,,48
qlp,366311757,.01,0,,,,,,,,,,,,,48
qlp,366410512,.01,0,,,,,,,,,,,,,48
qlp,366443426,.01,0,,,,,,,,,,,,,48
qlp,366443576,.01,0,,,,,,,,,,,,,48
qlp,366484980,.01,0,,,,,,,,,,,,,48
qlp,366568760,.01,0,,,,,,,,,,,,,48
qlp,366576758,.01,0,,,,,,,,,,,,,48
qlp,366622912,.01,0,,,,,,,,,,,,,48
qlp,366631954,.01,0,,,,,,,,,,,,,48
qlp,366989877,.01,0,,,,,,,,,,,,,48
qlp,367366318,.01,0,,,,,,,,,,,,,48
qlp,368287008,.01,0,,,,,,,,,,,,,48
qlp,368435330,.01,0,,,,,,,,,,,,,48
qlp,369327947,.01,0,,,,,,,,,,,,,48
qlp,369376388,.01,0,,,,,,,,,,,,,48
qlp,369455629,.01,0,,,,,,,,,,,,,48
qlp,369480087,.01,0,,,,,,,,,,,,,48
qlp,369864738,.01,0,,,,,,,,,,,,,48
qlp,369960846,.01,0,,,,,,,,,,,,,48
qlp,369965258,.01,0,,,,,,,,,,,,,48
qlp,370133522,.01,0,,,,,,,,,,,,,48
qlp,370745311,.01,0,,,,,,,,,,,,,48
qlp,371188886,.01,0,,,,,,,,,,,,,48
qlp,371210825,.01,0,,,,,,,,,,,,,48
qlp,371234684,.01,0,,,,,,,,,,,,,48
qlp,371443216,.01,0,,,,,,,,,,,,,48
qlp,372068780,.01,0,,,,,,,,,,,,,48
qlp,372172128,.01,0,,,,,,,,,,,,,48
qlp,372730331,.01,0,,,,,,,,,,,,,48
qlp,372757221,.01,0,,,,,,,,,,,,,48
qlp,372913430,.01,0,,,,,,,,,,,,,48
qlp,373017346,.01,0,,,,,,,,,,,,,48
qlp,373424049,.01,0,,,,,,,,,,,,,48
qlp,373612558,.01,0,,,,,,,,,,,,,48
qlp,373614579,.01,0,,,,,,,,,,,,,48
qlp,373693175,.01,0,,,,,,,,,,,,,48
qlp,373844472,.01,0,,,,,,,,,,,,,48
qlp,374095457,.01,0,,,,,,,,,,,,,48
qlp,374200604,.01,0,,,,,,,,,,,,,48
qlp,375059587,.01,0,,,,,,,,,,,,,48
qlp,375223080,.01,0,,,,,,,,,,,,,48
qlp,375225453,.01,0,,,,,,,,,,,,,48
qlp,375506058,.01,0,,,,,,,,,,,,,48
qlp,375542276,.01,0,,,,,,,,,,,,,48
qlp,376524552,.01,0,,,,,,,,,,,,,48
qlp,376939759,.01,0,,,,,,,,,,,,,48
qlp,376981340,.01,0,,,,,,,,,,,,,48
qlp,377064495,.01,0,,,,,,,,,,,,,48
qlp,377873569,.01,0,,,,,,,,,,,,,48
qlp,378159598,.01,0,,,,,,,,,,,,,48
qlp,379240073,.01,0,,,,,,,,,,,,,48
qlp,379929661,.01,0,,,,,,,,,,,,,48
qlp,379931600,.01,0,,,,,,,,,,,,,48
qlp,380589029,.01,0,,,,,,,,,,,,,48
qlp,380619414,.01,0,,,,,,,,,,,,,48
qlp,380783252,.01,0,,,,,,,,,,,,,48
qlp,380887434,.01,0,,,,,,,,,,,,,48
qlp,380907135,.01,0,,,,,,,,,,,,,48
qlp,381714186,.01,0,,,,,,,,,,,,,48
qlp,381856447,.01,0,,,,,,,,,,,,,48
qlp,381979901,.01,0,,,,,,,,,,,,,48
qlp,382068562,.01,0,,,,,,,,,,,,,48
qlp,382188882,.01,0,,,,,,,,,,,,,48
qlp,382200986,.01,0,,,,,,,,,,,,,48
qlp,382302241,.01,0,,,,,,,,,,,,,48
qlp,382391899,.01,0,,,,,,,,,,,,,48
qlp,382474101,.01,0,,,,,,,,,,,,,48
qlp,382602147,.01,0,,,,,,,,,,,,,48
qlp,382626661,.01,0,,,,,,,,,,,,,48
qlp,382980571,.01,0,,,,,,,,,,,,,48
qlp,383531859,.01,0,,,,,,,,,,,,,48
qlp,383721338,.01,0,,,,,,,,,,,,,48
qlp,384159646,.01,0,,,,,,,,,,,,,48
qlp,384549882,.01,0,,,,,,,,,,,,,48
qlp,384744828,.01,0,,,,,,,,,,,,,48
qlp,384888319,.01,0,,,,,,,,,,,,,48
qlp,385332171,.01,0,,,,,,,,,,,,,48
qlp,385624852,.01,0,,,,,,,,,,,,,48
qlp,386131764,.01,0,,,,,,,,,,,,,48
qlp,386259537,.01,0,,,,,,,,,,,,,48
qlp,386435344,.01,0,,,,,,,,,,,,,48
qlp,387079085,.01,0,,,,,,,,,,,,,48
qlp,387259626,.01,0,,,,,,,,,,,,,48
qlp,387423096,.01,0,,,,,,,,,,,,,48
qlp,387527558,.01,0,,,,,,,,,,,,,48
qlp,387690507,.01,0,,,,,,,,,,,,,48
qlp,387834907,.01,0,,,,,,,,,,,,,48
qlp,388076005,.01,0,,,,,,,,,,,,,48
qlp,388089437,.01,0,,,,,,,,,,,,,48
qlp,388104525,.01,0,,,,,,,,,,,,,48
qlp,388198242,.01,0,,,,,,,,,,,,,48
qlp,388624270,.01,0,,,,,,,,,,,,,48
qlp,388811663,.01,0,,,,,,,,,,,,,48
qlp,389070884,.01,0,,,,,,,,,,,,,48
qlp,389352124,.01,0,,,,,,,,,,,,,48
qlp,389421473,.01,0,,,,,,,,,,,,,48
qlp,389525208,.01,0,,,,,,,,,,,,,48
qlp,389900760,.01,0,,,,,,,,,,,,,48
qlp,389968080,.01,0,,,,,,,,,,,,,48
qlp,390021939,.01,0,,,,,,,,,,,,,48
qlp,390651552,.01,0,,,,,,,,,,,,,48
qlp,391903064,.01,0,,,,,,,,,,,,,48
qlp,391949880,.01,0,,,,,,,,,,,,,48
qlp,393251073,.01,0,,,,,,,,,,,,,48
qlp,393414358,.01,0,,,,,,,,,,,,,48
qlp,393495970,.01,0,,,,,,,,,,,,,48
qlp,393853275,.01,0,,,,,,,,,,,,,48
qlp,393911494,.01,0,,,,,,,,,,,,,48
qlp,393940766,.01,0,,,,,,,,,,,,,48
qlp,394050135,.01,0,,,,,,,,,,,,,48
qlp,394137592,.01,0,,,,,,,,,,,,,48
qlp,394287035,.01,0,,,,,,,,,,,,,48
qlp,394346745,.01,0,,,,,,,,,,,,,48
qlp,394357918,.01,0,,,,,,,,,,,,,48
qlp,394509844,.01,0,,,,,,,,,,,,,48
qlp,394561119,.01,0,,,,,,,,,,,,,48
qlp,394657039,.01,0,,,,,,,,,,,,,48
qlp,394698182,.01,0,,,,,,,,,,,,,48
qlp,394721720,.01,0,,,,,,,,,,,,,48
qlp,394918211,.01,0,,,,,,,,,,,,,48
qlp,396368313,.01,0,,,,,,,,,,,,,48
qlp,396562848,.01,0,,,,,,,,,,,,,48
qlp,396720998,.01,0,,,,,,,,,,,,,48
qlp,396740648,.01,0,,,,,,,,,,,,,48
qlp,396950329,.01,0,,,,,,,,,,,,,48
qlp,397058826,.01,0,,,,,,,,,,,,,48
qlp,398371628,.01,0,,,,,,,,,,,,,48
qlp,398572544,.01,0,,,,,,,,,,,,,48
qlp,398733009,.01,0,,,,,,,,,,,,,48
qlp,398943781,.01,0,,,,,,,,,,,,,48
qlp,399144800,.01,0,,,,,,,,,,,,,48
qlp,399642071,.01,0,,,,,,,,,,,,,48
qlp,399794420,.01,0,,,,,,,,,,,,,48
qlp,399860444,.01,0,,,,,,,,,,,,,48
qlp,399870368,.01,0,,,,,,,,,,,,,48
qlp,399871011,.01,0,,,,,,,,,,,,,48
qlp,399954349,.01,0,,,,,,,,,,,,,48
qlp,399967279,.01,0,,,,,,,,,,,,,48
qlp,400103802,.01,0,,,,,,,,,,,,,48
qlp,400323948,.01,0,,,,,,,,,,,,,48
qlp,400430915,.01,0,,,,,,,,,,,,,48
qlp,400432230,.01,0,,,,,,,,,,,,,48
qlp,400476523,.01,0,,,,,,,,,,,,,48
qlp,400595342,.01,0,,,,,,,,,,,,,48
qlp,401604346,.01,0,,,,,,,,,,,,,48
qlp,402026209,.01,0,,,,,,,,,,,,,48
qlp,402319411,.01,0,,,,,,,,,,,,,48
qlp,403135192,.01,0,,,,,,,,,,,,,48
qlp,403136415,.01,0,,,,,,,,,,,,,48
qlp,403224672,.01,0,,,,,,,,,,,,,48
qlp,403693875,.01,0,,,,,,,,,,,,,48
qlp,404243877,.01,0,,,,,,,,,,,,,48
qlp,404340025,.01,0,,,,,,,,,,,,,48
qlp,404421005,.01,0,,,,,,,,,,,,,48
qlp,404467699,.01,0,,,,,,,,,,,,,48
qlp,404505029,.01,0,,,,,,,,,,,,,48
qlp,404713783,.01,0,,,,,,,,,,,,,48
qlp,405425498,.01,0,,,,,,,,,,,,,48
qlp,405484221,.01,0,,,,,,,,,,,,,48
qlp,405700729,.01,0,,,,,,,,,,,,,48
qlp,405717754,.01,0,,,,,,,,,,,,,48
qlp,405904232,.01,0,,,,,,,,,,,,,48
qlp,406318573,.01,0,,,,,,,,,,,,,48
qlp,406495245,.01,0,,,,,,,,,,,,,48
qlp,406672232,.01,0,,,,,,,,,,,,,48
qlp,406941612,.01,0,,,,,,,,,,,,,48
qlp,406976746,.01,0,,,,,,,,,,,,,48
qlp,407126408,.01,0,,,,,,,,,,,,,48
qlp,407146536,.01,0,,,,,,,,,,,,,48
qlp,407591297,.01,0,,,,,,,,,,,,,48
qlp,407966340,.01,0,,,,,,,,,,,,,48
qlp,408114363,.01,0,,,,,,,,,,,,,48
qlp,408137826,.01,0,,,,,,,,,,,,,48
qlp,408203470,.01,0,,,,,,,,,,,,,48
qlp,408261725,.01,0,,,,,,,,,,,,,48
qlp,408310006,.01,0,,,,,,,,,,,,,48
qlp,408618999,.01,0,,,,,,,,,,,,,48
qlp,408636441,.01,0,,,,,,,,,,,,,48
qlp,408809625,.01,0,,,,,,,,,,,,,48
qlp,409459226,.01,0,,,,,,,,,,,,,48
qlp,409794137,.01,0,,,,,,,,,,,,,48
qlp,409934330,.01,0,,,,,,,,,,,,,48
qlp,410094645,.01,0,,,,,,,,,,,,,48
qlp,410153553,.01,0,,,,,,,,,,,,,48
qlp,410214986,.01,0,,,,,,,,,,,,,48
qlp,410245915,.01,0,,,,,,,,,,,,,48
qlp,410450228,.01,0,,,,,,,,,,,,,48
qlp,411608801,.01,0,,,,,,,,,,,,,48
qlp,411839167,.01,0,,,,,,,,,,,,,48
qlp,412014494,.01,0,,,,,,,,,,,,,48
qlp,412054152,.01,0,,,,,,,,,,,,,48
qlp,412259468,.01,0,,,,,,,,,,,,,48
qlp,412961700,.01,0,,,,,,,,,,,,,48
qlp,413248763,.01,0,,,,,,,,,,,,,48
qlp,413376180,.01,0,,,,,,,,,,,,,48
qlp,414922696,.01,0,,,,,,,,,,,,,48
qlp,415443327,.01,0,,,,,,,,,,,,,48
qlp,415969908,.01,0,,,,,,,,,,,,,48
qlp,416195870,.01,0,,,,,,,,,,,,,48
qlp,417705690,.01,0,,,,,,,,,,,,,48
qlp,417931607,.01,0,,,,,,,,,,,,,48
qlp,417948359,.01,0,,,,,,,,,,,,,48
qlp,418761354,.01,0,,,,,,,,,,,,,48
qlp,418959198,.01,0,,,,,,,,,,,,,48
qlp,419957393,.01,0,,,,,,,,,,,,,48
qlp,420049884,.01,0,,,,,,,,,,,,,48
qlp,420051632,.01,0,,,,,,,,,,,,,48
qlp,420114036,.01,0,,,,,,,,,,,,,48
qlp,420177051,.01,0,,,,,,,,,,,,,48
qlp,420268415,.01,0,,,,,,,,,,,,,48
qlp,420645189,.01,0,,,,,,,,,,,,,48
qlp,421308357,.01,0,,,,,,,,,,,,,48
qlp,421336001,.01,0,,,,,,,,,,,,,48
qlp,421894914,.01,0,,,,,,,,,,,,,48
qlp,422655579,.01,0,,,,,,,,,,,,,48
qlp,422756130,.01,0,,,,,,,,,,,,,48
qlp,422923265,.01,0,,,,,,,,,,,,,48
qlp,423275733,.01,0,,,,,,,,,,,,,48
qlp,424435940,.01,0,,,,,,,,,,,,,48
qlp,424747720,.01,0,,,,,,,,,,,,,48
qlp,424865156,.01,0,,,,,,,,,,,,,48
qlp,425206121,.01,0,,,,,,,,,,,,,48
qlp,425561347,.01,0,,,,,,,,,,,,,48
qlp,425934411,.01,0,,,,,,,,,,,,,48
qlp,425997655,.01,0,,,,,,,,,,,,,48
qlp,426017070,.01,0,,,,,,,,,,,,,48
qlp,426077080,.01,0,,,,,,,,,,,,,48
qlp,427332229,.01,0,,,,,,,,,,,,,48
qlp,427348923,.01,0,,,,,,,,,,,,,48
qlp,427352241,.01,0,,,,,,,,,,,,,48
qlp,427508467,.01,0,,,,,,,,,,,,,48
qlp,427654774,.01,0,,,,,,,,,,,,,48
qlp,427740976,.01,0,,,,,,,,,,,,,48
qlp,428679607,.01,0,,,,,,,,,,,,,48
qlp,428699140,.01,0,,,,,,,,,,,,,48
qlp,428787891,.01,0,,,,,,,,,,,,,48
qlp,428892437,.01,0,,,,,,,,,,,,,48
qlp,428988981,.01,0,,,,,,,,,,,,,48
qlp,429295277,.01,0,,,,,,,,,,,,,48
qlp,429304876,.01,0,,,,,,,,,,,,,48
qlp,429358906,.01,0,,,,,,,,,,,,,48
qlp,430677414,.01,0,,,,,,,,,,,,,48
qlp,431971818,.01,0,,,,,,,,,,,,,48
qlp,432008938,.01,0,,,,,,,,,,,,,48
qlp,432549364,.01,0,,,,,,,,,,,,,48
qlp,434105094,.01,0,,,,,,,,,,,,,48
qlp,434226736,.01,0,,,,,,,,,,,,,48
qlp,434234955,.01,0,,,,,,,,,,,,,48
qlp,434260570,.01,0,,,,,,,,,,,,,48
qlp,434486077,.01,0,,,,,,,,,,,,,48
qlp,435339847,.01,0,,,,,,,,,,,,,48
qlp,436637677,.01,0,,,,,,,,,,,,,48
qlp,436652523,.01,0,,,,,,,,,,,,,48
qlp,436873727,.01,0,,,,,,,,,,,,,48
qlp,436875934,.01,0,,,,,,,,,,,,,48
qlp,437011608,.01,0,,,,,,,,,,,,,48
qlp,437054764,.01,0,,,,,,,,,,,,,48
qlp,437242640,.01,0,,,,,,,,,,,,,48
qlp,437248515,.01,0,,,,,,,,,,,,,48
qlp,437261733,.01,0,,,,,,,,,,,,,48
qlp,437333618,.01,0,,,,,,,,,,,,,48
qlp,437704321,.01,0,,,,,,,,,,,,,48
qlp,437856897,.01,0,,,,,,,,,,,,,48
qlp,438073782,.01,0,,,,,,,,,,,,,48
qlp,438260486,.01,0,,,,,,,,,,,,,48
qlp,438295981,.01,0,,,,,,,,,,,,,48
qlp,438490744,.01,0,,,,,,,,,,,,,48
qlp,439456714,.01,0,,,,,,,,,,,,,48
qlp,439610306,.01,0,,,,,,,,,,,,,48
qlp,439842788,.01,0,,,,,,,,,,,,,48
qlp,439867639,.01,0,,,,,,,,,,,,,48
qlp,440777904,.01,0,,,,,,,,,,,,,48
qlp,440801822,.01,0,,,,,,,,,,,,,48
qlp,440887364,.01,0,,,,,,,,,,,,,48
qlp,441420236,.01,0,,,,,,,,,,,,,48
qlp,441462736,.01,0,,,,,,,,,,,,,48
qlp,441572821,.01,0,,,,,,,,,,,,,48
qlp,441580526,.01,0,,,,,,,,,,,,,48
qlp,441600335,.01,0,,,,,,,,,,,,,48
qlp,441642457,.01,0,,,,,,,,,,,,,48
qlp,441730540,.01,0,,,,,,,,,,,,,48
qlp,441732151,.01,0,,,,,,,,,,,,,48
qlp,441739020,.01,0,,,,,,,,,,,,,48
qlp,441763252,.01,0,,,,,,,,,,,,,48
qlp,441797803,.01,0,,,,,,,,,,,,,48
qlp,443658196,.01,0,,,,,,,,,,,,,48
qlp,443666343,.01,0,,,,,,,,,,,,,48
qlp,444013020,.01,0,,,,,,,,,,,,,48
qlp,444842193,.01,0,,,,,,,,,,,,,48
qlp,445586472,.01,0,,,,,,,,,,,,,48
qlp,445805961,.01,0,,,,,,,,,,,,,48
qlp,445807396,.01,0,,,,,,,,,,,,,48
qlp,445822015,.01,0,,,,,,,,,,,,,48
qlp,445837596,.01,0,,,,,,,,,,,,,48
qlp,445859771,.01,0,,,,,,,,,,,,,48
qlp,445903569,.01,0,,,,,,,,,,,,,48
qlp,446158352,.01,0,,,,,,,,,,,,,48
qlp,446370039,.01,0,,,,,,,,,,,,,48
qlp,446549905,.01,0,,,,,,,,,,,,,48
qlp,447061717,.01,0,,,,,,,,,,,,,48
qlp,447206604,.01,0,,,,,,,,,,,,,48
qlp,447283466,.01,0,,,,,,,,,,,,,48
qlp,448358913,.01,0,,,,,,,,,,,,,48
qlp,448589187,.01,0,,,,,,,,,,,,,48
qlp,449050247,.01,0,,,,,,,,,,,,,48
qlp,449050248,.01,0,,,,,,,,,,,,,48
qlp,449197831,.01,0,,,,,,,,,,,,,48
qlp,450327768,.01,0,,,,,,,,,,,,,48
qlp,451599528,.01,0,,,,,,,,,,,,,48
qlp,451645081,.01,0,,,,,,,,,,,,,48
qlp,452281203,.01,0,,,,,,,,,,,,,48
qlp,452375478,.01,0,,,,,,,,,,,,,48
qlp,452808876,.01,0,,,,,,,,,,,,,48
qlp,452866790,.01,0,,,,,,,,,,,,,48
qlp,453209605,.01,0,,,,,,,,,,,,,48
qlp,453211454,.01,0,,,,,,,,,,,,,48
qlp,453387619,.01,0,,,,,,,,,,,,,48
qlp,453410966,.01,0,,,,,,,,,,,,,48
qlp,453464017,.01,0,,,,,,,,,,,,,48
qlp,453789494,.01,0,,,,,,,,,,,,,48
qlp,454224694,.01,0,,,,,,,,,,,,,48
qlp,455096220,.01,0,,,,,,,,,,,,,48
qlp,455135327,.01,0,,,,,,,,,,,,,48
qlp,456862677,.01,0,,,,,,,,,,,,,48
qlp,457104362,.01,0,,,,,,,,,,,,,48
qlp,457138169,.01,0,,,,,,,,,,,,,48
qlp,457939414,.01,0,,,,,,,,,,,,,48
qlp,458342769,.01,0,,,,,,,,,,,,,48
qlp,458419328,.01,0,,,,,,,,,,,,,48
qlp,458478250,.01,0,,,,,,,,,,,,,48
qlp,458856474,.01,0,,,,,,,,,,,,,48
qlp,458857720,.01,0,,,,,,,,,,,,,48
qlp,459755750,.01,0,,,,,,,,,,,,,48
qlp,459850897,.01,0,,,,,,,,,,,,,48
qlp,459942762,.01,0,,,,,,,,,,,,,48
qlp,459969957,.01,0,,,,,,,,,,,,,48
qlp,459997997,.01,0,,,,,,,,,,,,,48
qlp,460140752,.01,0,,,,,,,,,,,,,48
qlp,460205581,.01,0,,,,,,,,,,,,,48
qlp,460984940,.01,0,,,,,,,,,,,,,48
qlp,461080504,.01,0,,,,,,,,,,,,,48
qlp,461271719,.01,0,,,,,,,,,,,,,48
qlp,461662295,.01,0,,,,,,,,,,,,,48
qlp,461867584,.01,0,,,,,,,,,,,,,48
qlp,462162948,.01,0,,,,,,,,,,,,,48
qlp,463402815,.01,0,,,,,,,,,,,,,48
qlp,464296022,.01,0,,,,,,,,,,,,,48
qlp,464646604,.01,0,,,,,,,,,,,,,48
qlp,467179528,.01,0,,,,,,,,,,,,,48
qlp,467281353,.01,0,,,,,,,,,,,,,48
qlp,467651916,.01,0,,,,,,,,,,,,,48
qlp,467783290,.01,0,,,,,,,,,,,,,48
qlp,467971286,.01,0,,,,,,,,,,,,,48
qlp,468148930,.01,0,,,,,,,,,,,,,48
qlp,468832904,.01,0,,,,,,,,,,,,,48
qlp,468880077,.01,0,,,,,,,,,,,,,48
qlp,468981993,.01,0,,,,,,,,,,,,,48
qlp,468987719,.01,0,,,,,,,,,,,,,48
qlp,468997317,.01,0,,,,,,,,,,,,,48
qlp,469212332,.01,0,,,,,,,,,,,,,48
qlp,470678283,.01,0,,,,,,,,,,,,,48
qlp,470974162,.01,0,,,,,,,,,,,,,48
qlp,470987100,.01,0,,,,,,,,,,,,,48
qlp,686072378,.01,0,,,,,,,,,,,,,48
qlp,742648307,.01,0,,,,,,,,,,,,,48
qlp,1400770435,.01,0,,,,,,,,,,,,,48
qlp,1551345500,.01,0,,,,,,,,,,,,,48
qlp,1718201850,.01,0,,,,,,,,,,,,,48
qlp,1884091865,.01,0,,,,,,,,,,,,,48
